facility_id,facility_name,state,region,hospital_star_rating,ownership_type,conditions_reported,risk_score,risk_category,actual_penalty_rate,max_condition_risk,min_condition_risk
010001,SOUTHEAST HEALTH MEDICAL CENTER,AL,South,3,Government,6,47.5,Medium Risk,16.7,47.5,47.5
010005,MARSHALL MEDICAL CENTERS,AL,South,2,Government,4,56.3,Medium-High Risk,0,56.3,56.3
010006,NORTH ALABAMA MEDICAL CENTER,AL,South,1,For-Profit,6,72.5,High Risk,33.3,72.5,72.5
010007,MIZELL MEMORIAL HOSPITAL,AL,South,1,Non-Profit,4,66.8,Medium-High Risk,75,66.8,66.8
010011,ST. VINCENT'S EAST,AL,South,3,Non-Profit,6,49.7,Medium Risk,66.7,49.7,49.7
010012,DEKALB REGIONAL MEDICAL CENTER,AL,South,2,For-Profit,5,64.9,Medium-High Risk,60,64.9,64.9
010016,SHELBY BAPTIST MEDICAL CENTER,AL,South,3,Non-Profit,6,49.7,Medium Risk,83.3,49.7,49.7
010019,HELEN KELLER HOSPITAL,AL,South,2,Government,4,56.3,Medium-High Risk,50,56.3,56.3
010021,DALE MEDICAL CENTER,AL,South,2,Government,3,56.3,Medium-High Risk,66.7,56.3,56.3
010023,BAPTIST MEDICAL CENTER SOUTH,AL,South,2,Government,6,56.3,Medium-High Risk,83.3,56.3,56.3
010024,JACKSON HOSPITAL & CLINIC INC,AL,South,2,Non-Profit,5,58.5,Medium-High Risk,40,58.5,58.5
010029,THE EAST ALABAMA HEALTHCARE AUTHORITY,AL,South,2,Government,6,56.3,Medium-High Risk,50,56.3,56.3
010033,UNIVERSITY OF ALABAMA HOSPITAL,AL,South,3,Government,6,47.5,Medium Risk,66.7,47.5,47.5
010035,CULLMAN REGIONAL MEDICAL CENTER,AL,South,3,Government,5,47.5,Medium Risk,80,47.5,47.5
010036,ANDALUSIA HEALTH,AL,South,3,For-Profit,4,56.4,Medium-High Risk,75,56.4,56.4
010039,HUNTSVILLE HOSPITAL,AL,South,2,Government,6,56.3,Medium-High Risk,33.3,56.3,56.3
010040,GADSDEN REGIONAL MEDICAL CENTER,AL,South,2,For-Profit,6,64.9,Medium-High Risk,33.3,64.9,64.9
010045,FAYETTE MEDICAL CENTER,AL,South,4,Non-Profit,3,41,Medium Risk,33.3,41,41
010046,RIVERVIEW REGIONAL MEDICAL CENTER,AL,South,3,For-Profit,4,56.4,Medium-High Risk,75,56.4,56.4
010049,MEDICAL CENTER ENTERPRISE,AL,South,2,For-Profit,4,64.9,Medium-High Risk,75,64.9,64.9
010055,FLOWERS HOSPITAL,AL,South,2,For-Profit,6,64.9,Medium-High Risk,66.7,64.9,64.9
010056,ST VINCENT'S BIRMINGHAM,AL,South,4,Non-Profit,6,41,Medium Risk,50,41,41
010061,HIGHLANDS MEDICAL CENTER,AL,South,2,Government,3,56.3,Medium-High Risk,0,56.3,56.3
010065,RUSSELL MEDICAL CENTER,AL,South,4,Non-Profit,5,41,Medium Risk,40,41,41
010078,NORTHEAST ALABAMA REGIONAL MEDICAL CENTER,AL,South,2,Government,5,56.3,Medium-High Risk,60,56.3,56.3
010079,ATHENS LIMESTONE HOSPITAL,AL,South,2,Government,4,56.3,Medium-High Risk,75,56.3,56.3
010083,SOUTH BALDWIN REGIONAL MEDICAL CENTER,AL,South,5,For-Profit,5,38.9,Medium Risk,60,38.9,38.9
010085,DECATUR MORGAN HOSPITAL - DECATUR CAMPUS,AL,South,3,Government,5,47.5,Medium Risk,40,47.5,47.5
010086,NORTHWEST MEDICAL CENTER,AL,South,3,For-Profit,3,56.4,Medium-High Risk,0,56.4,56.4
010087,USA HEALTH UNIVERSITY HOSPITAL,AL,South,3,Government,3,47.5,Medium Risk,33.3,47.5,47.5
010089,WALKER BAPTIST MEDICAL CENTER,AL,South,2,For-Profit,3,64.9,Medium-High Risk,66.7,64.9,64.9
010090,"USA HEALTH HCA PROVIDENCE HOSPITAL, LLC",AL,South,3,Non-Profit,6,49.7,Medium Risk,33.3,49.7,49.7
010092,DCH REGIONAL MEDICAL CENTER,AL,South,1,Government,6,64.8,Medium-High Risk,83.3,64.8,64.8
010100,THOMAS HOSPITAL,AL,South,3,Non-Profit,6,49.7,Medium Risk,50,49.7,49.7
010103,PRINCETON BAPTIST MEDICAL CENTER,AL,South,3,Non-Profit,6,49.7,Medium Risk,33.3,49.7,49.7
010104,GRANDVIEW MEDICAL CENTER,AL,South,2,For-Profit,6,64.9,Medium-High Risk,83.3,64.9,64.9
010108,PRATTVILLE BAPTIST HOSPITAL,AL,South,4,Government,3,38.8,Medium Risk,33.3,38.8,38.8
010113,MOBILE INFIRMARY MEDICAL CENTER,AL,South,3,Non-Profit,6,49.7,Medium Risk,50,49.7,49.7
010114,"MEDICAL WEST, AN AFFILIATE OF UAB HEALTH SYSTEM",AL,South,2,Government,3,56.3,Medium-High Risk,33.3,56.3,56.3
010118,VAUGHAN REGIONAL MEDICAL CENTER PARKWAY CAMPUS,AL,South,3,For-Profit,3,56.4,Medium-High Risk,33.3,56.4,56.4
010125,LAKELAND COMMUNITY HOSPITAL,AL,South,5,For-Profit,3,38.9,Medium Risk,0,38.9,38.9
010130,ST VINCENT'S ST CLAIR,AL,South,2,Non-Profit,3,58.5,Medium-High Risk,33.3,58.5,58.5
010131,CRESTWOOD MEDICAL CENTER,AL,South,3,For-Profit,5,56.4,Medium-High Risk,80,56.4,56.4
010139,BROOKWOOD BAPTIST MEDICAL CENTER,AL,South,2,For-Profit,5,64.9,Medium-High Risk,60,64.9,64.9
010144,SPRINGHILL MEDICAL CENTER,AL,South,2,For-Profit,6,64.9,Medium-High Risk,66.7,64.9,64.9
010148,EVERGREEN MEDICAL CENTER,AL,South,1,For-Profit,3,72.5,High Risk,33.3,72.5,72.5
010149,BAPTIST MEDICAL CENTER EAST,AL,South,3,Government,3,47.5,Medium Risk,66.7,47.5,47.5
010164,COOSA VALLEY MEDICAL CENTER,AL,South,4,Government,3,38.8,Medium Risk,66.7,38.8,38.8
010168,JACK HUGHSTON MEMORIAL HOSPITAL,AL,South,3,Government,1,47.5,Medium Risk,0,47.5,47.5
020001,PROVIDENCE ALASKA MEDICAL CENTER,AK,Pacific,3,Non-Profit,6,48.9,Medium Risk,33.3,48.9,48.9
020006,MAT-SU REGIONAL MEDICAL CENTER,AK,Pacific,3,Non-Profit,5,48.9,Medium Risk,40,48.9,48.9
020008,BARTLETT REGIONAL HOSPITAL,AK,Pacific,4,Government,4,38.1,Medium Risk,50,38.1,38.1
020012,FAIRBANKS MEMORIAL HOSPITAL,AK,Pacific,2,Non-Profit,5,57.7,Medium-High Risk,0,57.7,57.7
020017,ALASKA REGIONAL HOSPITAL,AK,Pacific,2,For-Profit,6,64.1,Medium-High Risk,100,64.1,64.1
020024,CENTRAL PENINSULA GENERAL HOSPITAL,AK,Pacific,1,Non-Profit,4,66,Medium-High Risk,75,66,66
020026,ALASKA NATIVE MEDICAL CENTER,AK,Pacific,3,Government,5,46.7,Medium Risk,20,46.7,46.7
030002,BANNER - UNIVERSITY MEDICAL CENTER PHOENIX,AZ,Mountain West,3,Non-Profit,5,35.3,Medium Risk,0,35.3,35.3
030006,TUCSON MEDICAL CENTER,AZ,Mountain West,3,Non-Profit,6,35.3,Medium Risk,83.3,35.3,35.3
030007,VERDE VALLEY MEDICAL CENTER,AZ,Mountain West,4,Non-Profit,4,27.7,Low-Medium Risk,0,27.7,27.7
030010,ST. MARY'S HOSPITAL,AZ,Mountain West,2,Non-Profit,5,43.7,Medium Risk,40,43.7,43.7
030011,ST JOSEPH'S HOSPITAL,AZ,Mountain West,2,Non-Profit,5,43.7,Medium Risk,20,43.7,43.7
030012,YAVAPAI REGIONAL MEDICAL CENTER,AZ,Mountain West,2,Non-Profit,6,43.7,Medium Risk,66.7,43.7,43.7
030013,YUMA REGIONAL MEDICAL CENTER,AZ,Mountain West,2,Non-Profit,6,43.7,Medium Risk,33.3,43.7,43.7
030014,HONOR HEALTH JOHN C. LINCOLN MEDICAL CENTER,AZ,Mountain West,3,Non-Profit,5,35.3,Medium Risk,40,35.3,35.3
030016,BANNER CASA GRANDE MEDICAL CENTER,AZ,Mountain West,3,Non-Profit,4,35.3,Medium Risk,75,35.3,35.3
030022,VALLEYWISE HEALTH MEDICAL CENTER,AZ,Mountain West,2,Government,2,41.6,Medium Risk,100,41.6,41.6
030023,FLAGSTAFF MEDICAL CENTER,AZ,Mountain West,4,Non-Profit,6,27.7,Low-Medium Risk,33.3,27.7,27.7
030024,ST. JOSEPH'S HOSPITAL AND MEDICAL CENTER,AZ,Mountain West,4,Non-Profit,5,27.7,Low-Medium Risk,80,27.7,27.7
030030,ABRAZO CENTRAL CAMPUS,AZ,Mountain West,2,Other,3,56.8,Medium-High Risk,33.3,56.8,56.8
030036,CHANDLER REGIONAL MEDICAL CENTER,AZ,Mountain West,4,Non-Profit,5,27.7,Low-Medium Risk,40,27.7,27.7
030037,TEMPE ST LUKES HOSPITAL,AZ,Mountain West,1,For-Profit,1,59.2,Medium-High Risk,100,59.2,59.2
030038,HONORHEALTH SCOTTSDALE OSBORN MEDICAL CENTER,AZ,Mountain West,2,For-Profit,5,50.4,Medium-High Risk,60,50.4,50.4
030043,CANYON VISTA MEDICAL CENTER,AZ,Mountain West,2,Non-Profit,5,43.7,Medium Risk,80,43.7,43.7
030055,KINGMAN REGIONAL MEDICAL CENTER,AZ,Mountain West,4,Government,5,25.9,Low-Medium Risk,40,25.9,25.9
030061,BANNER BOSWELL MEDICAL CENTER,AZ,Mountain West,3,Non-Profit,6,35.3,Medium Risk,66.7,35.3,35.3
030062,SUMMIT HEALTHCARE REGIONAL MEDICAL CENTER,AZ,Mountain West,4,Non-Profit,4,27.7,Low-Medium Risk,25,27.7,27.7
030064,BANNER - UNIVERSITY MEDICAL CENTER TUCSON CAMPUS,AZ,Mountain West,3,Non-Profit,5,35.3,Medium Risk,20,35.3,35.3
030065,BANNER DESERT MEDICAL CENTER,AZ,Mountain West,2,Non-Profit,5,43.7,Medium Risk,60,43.7,43.7
030069,HAVASU REGIONAL MEDICAL CENTER,AZ,Mountain West,1,For-Profit,6,59.2,Medium-High Risk,16.7,59.2,59.2
030083,ABRAZO SCOTTSDALE CAMPUS,AZ,Mountain West,1,For-Profit,3,59.2,Medium-High Risk,33.3,59.2,59.2
030085,NORTHWEST MEDICAL CENTER,AZ,Mountain West,2,For-Profit,5,50.4,Medium-High Risk,40,50.4,50.4
030087,HONORHEALTH SCOTTSDALE SHEA MEDICAL CENTER,AZ,Mountain West,3,For-Profit,6,41.7,Medium Risk,83.3,41.7,41.7
030088,BANNER BAYWOOD MEDICAL CENTER,AZ,Mountain West,2,Non-Profit,3,43.7,Medium Risk,33.3,43.7,43.7
030089,BANNER THUNDERBIRD MEDICAL CENTER,AZ,Mountain West,3,Government,5,33.3,Medium Risk,80,33.3,33.3
030092,HONORHEALTH DEER VALLEY MEDICAL CENTER,AZ,Mountain West,2,Non-Profit,6,43.7,Medium Risk,66.7,43.7,43.7
030093,BANNER DEL E. WEBB MEDICAL CENTER,AZ,Mountain West,3,Non-Profit,5,35.3,Medium Risk,40,35.3,35.3
030094,ABRAZO ARROWHEAD HOSPITAL,AZ,Mountain West,2,For-Profit,6,50.4,Medium-High Risk,100,50.4,50.4
030101,WESTERN ARIZONA REGIONAL MEDICAL CENTER,AZ,Mountain West,2,For-Profit,4,50.4,Medium-High Risk,50,50.4,50.4
030103,MAYO CLINIC HOSPITAL,AZ,Mountain West,5,Non-Profit,6,21.2,Low-Medium Risk,50,21.2,21.2
030105,BANNER HEART HOSPITAL,AZ,Mountain West,4,Non-Profit,4,27.7,Low-Medium Risk,50,27.7,27.7
030110,ABRAZO WEST CAMPUS,AZ,Mountain West,1,For-Profit,4,59.2,Medium-High Risk,25,59.2,59.2
030111,BANNER-UNIVERSITY MEDICAL CENTER SOUTH CAMPUS,AZ,Mountain West,3,Non-Profit,3,35.3,Medium Risk,0,35.3,35.3
030114,ORO VALLEY HOSPITAL,AZ,Mountain West,3,For-Profit,5,41.7,Medium Risk,20,41.7,41.7
030115,BANNER ESTRELLA MEDICAL CENTER,AZ,Mountain West,3,Non-Profit,5,35.3,Medium Risk,40,35.3,35.3
030117,VALLEY VIEW MEDICAL CENTER,AZ,Mountain West,1,For-Profit,3,59.2,Medium-High Risk,0,59.2,59.2
030119,MERCY GILBERT MEDICAL CENTER,AZ,Mountain West,4,Non-Profit,5,27.7,Low-Medium Risk,20,27.7,27.7
030121,"MOUNTAIN VISTA MEDICAL CENTER, LP",AZ,Mountain West,2,For-Profit,5,50.4,Medium-High Risk,20,50.4,50.4
030122,BANNER GATEWAY MEDICAL CENTER,AZ,Mountain West,4,Non-Profit,3,27.7,Low-Medium Risk,0,27.7,27.7
030123,HONORHEALTH SCOTTSDALE THOMPSON PEAK MED CTR,AZ,Mountain West,5,Non-Profit,5,21.2,Low-Medium Risk,80,21.2,21.2
030130,BANNER IRONWOOD MEDICAL CENTER,AZ,Mountain West,2,Non-Profit,3,43.7,Medium Risk,66.7,43.7,43.7
030146,HONORHEALTH SONORAN CROSSING MEDICAL CENTER,AZ,Mountain West,4,Non-Profit,3,27.7,Low-Medium Risk,100,27.7,27.7
040001,SILOAM SPRINGS REGIONAL HOSPITAL,AR,South,4,For-Profit,2,47.6,Medium Risk,0,47.6,47.6
040002,JOHNSON REGIONAL MEDICAL CENTER,AR,South,4,Non-Profit,3,41,Medium Risk,66.7,41,41
040004,WASHINGTON REGIONAL MEDICAL CENTER,AR,South,4,Non-Profit,6,41,Medium Risk,0,41,41
040007,CHI-ST VINCENT INFIRMARY,AR,South,2,Non-Profit,5,58.5,Medium-High Risk,60,58.5,58.5
040010,MERCY HOSPITAL NORTHWEST ARKANSAS,AR,South,5,Non-Profit,5,32.8,Medium Risk,0,32.8,32.8
040011,CHAMBERS MEMORIAL HOSPITAL,AR,South,4,Non-Profit,3,41,Medium Risk,100,41,41
040014,WHITE COUNTY MEDICAL CENTER,AR,South,3,Non-Profit,5,49.7,Medium Risk,80,49.7,49.7
040016,UAMS MEDICAL CENTER,AR,South,2,Government,5,56.3,Medium-High Risk,80,56.3,56.3
040017,NORTH ARKANSAS REGIONAL MEDICAL CENTER,AR,South,4,Non-Profit,4,41,Medium Risk,25,41,41
040020,ST BERNARDS MEDICAL CENTER,AR,South,1,Non-Profit,5,66.8,Medium-High Risk,80,66.8,66.8
040022,NORTHWEST MEDICAL CENTER-SPRINGDALE,AR,South,2,For-Profit,4,64.9,Medium-High Risk,0,64.9,64.9
040026,ST VINCENT HOT SPRINGS,AR,South,4,Non-Profit,6,41,Medium Risk,66.7,41,41
040027,BAXTER REGIONAL MEDICAL CENTER,AR,South,1,Non-Profit,6,66.8,Medium-High Risk,83.3,66.8,66.8
040029,"CONWAY REGIONAL MEDICAL CENTER, INC",AR,South,3,Non-Profit,5,49.7,Medium Risk,40,49.7,49.7
040036,BAPTIST HEALTH MEDICAL CENTER NORTH LITTLE ROCK,AR,South,1,Non-Profit,6,66.8,Medium-High Risk,50,66.8,66.8
040039,ARKANSAS METHODIST MEDICAL CENTER,AR,South,2,Non-Profit,4,58.5,Medium-High Risk,50,58.5,58.5
040041,ST MARYS REGIONAL MEDICAL CENTER,AR,South,2,For-Profit,5,64.9,Medium-High Risk,20,64.9,64.9
040050,OUACHITA COUNTY MEDICAL CENTER,AR,South,4,Non-Profit,2,41,Medium Risk,50,41,41
040051,BAPTIST HEALTH MEDICAL CENTER-DREW COUNTY,AR,South,3,Non-Profit,3,49.7,Medium Risk,100,49.7,49.7
040055,BAPTIST HEALTH - FORT SMITH,AR,South,2,Non-Profit,5,58.5,Medium-High Risk,100,58.5,58.5
040062,MERCY HOSPITAL FORT SMITH,AR,South,3,Non-Profit,6,49.7,Medium Risk,83.3,49.7,49.7
040069,GREAT RIVER MEDICAL CENTER,AR,South,2,Government,3,56.3,Medium-High Risk,66.7,56.3,56.3
040071,JEFFERSON REGIONAL MEDICAL CENTER,AR,South,2,Non-Profit,5,58.5,Medium-High Risk,60,58.5,58.5
040072,BAPTIST HEALTH MEDICAL CENTER-STUTTGART,AR,South,3,Non-Profit,3,49.7,Medium Risk,33.3,49.7,49.7
040078,NATIONAL PARK MEDICAL CENTER,AR,South,1,For-Profit,6,72.5,High Risk,66.7,72.5,72.5
040084,SALINE MEMORIAL HOSPITAL,AR,South,2,For-Profit,5,64.9,Medium-High Risk,100,64.9,64.9
040088,SOUTH ARKANSAS REGIONAL HOSPITAL LLC,AR,South,4,For-Profit,5,47.6,Medium Risk,20,47.6,47.6
040114,BAPTIST HEALTH MEDICAL CENTER-LITTLE ROCK,AR,South,2,Non-Profit,6,58.5,Medium-High Risk,50,58.5,58.5
040118,"BAPTIST MEMORIAL HOSPITAL JONESBORO, INC.",AR,South,3,Non-Profit,6,49.7,Medium Risk,83.3,49.7,49.7
040119,WHITE RIVER MEDICAL CENTER,AR,South,3,Non-Profit,5,49.7,Medium Risk,20,49.7,49.7
040134,"ARKANSAS HEART HOSPITAL, LLC",AR,South,3,For-Profit,5,56.4,Medium-High Risk,40,56.4,56.4
040137,ST VINCENT MEDICAL CENTER/NORTH,AR,South,4,Non-Profit,3,41,Medium Risk,33.3,41,41
040154,BAPTIST HEALTH MEDICAL CENTER- CONWAY,AR,South,3,Non-Profit,5,49.7,Medium Risk,60,49.7,49.7
040161,ARKANSAS HEART HOSPITAL-ENCORE,AR,South,4,For-Profit,4,47.6,Medium Risk,75,47.6,47.6
050002,ST ROSE HOSPITAL,CA,Pacific,2,Non-Profit,5,57.7,Medium-High Risk,100,57.7,57.7
050006,PROVIDENCE ST JOSEPH HOSPITAL,CA,Pacific,4,Non-Profit,6,40.2,Medium Risk,33.3,40.2,40.2
050007,PENINSULA MEDICAL CENTER,CA,Pacific,5,Non-Profit,6,32,Medium Risk,16.7,32,32
050008,CALIFORNIA PACIFIC MEDICAL CTR-DAVIES CAMPUS HOSP,CA,Pacific,4,Non-Profit,3,40.2,Medium Risk,66.7,40.2,40.2
050009,PROVIDENCE QUEEN OF THE VALLEY MEDICAL CENTER,CA,Pacific,4,Non-Profit,5,40.2,Medium Risk,40,40.2,40.2
050013,ADVENTIST HEALTH ST HELENA,CA,Pacific,5,Non-Profit,6,32,Medium Risk,16.7,32,32
050014,SUTTER AMADOR HOSPITAL,CA,Pacific,3,Non-Profit,4,48.9,Medium Risk,25,48.9,48.9
050017,MERCY GENERAL HOSPITAL,CA,Pacific,4,Non-Profit,6,40.2,Medium Risk,83.3,40.2,40.2
050022,RIVERSIDE COMMUNITY HOSPITAL,CA,Pacific,2,For-Profit,6,64.1,Medium-High Risk,83.3,64.1,64.1
050024,PARADISE VALLEY HOSPITAL,CA,Pacific,4,For-Profit,4,46.8,Medium Risk,100,46.8,46.8
050025,UC SAN DIEGO HEALTH HILLCREST - HILLCREST MED CTR,CA,Pacific,5,Non-Profit,6,32,Medium Risk,50,32,32
050026,GROSSMONT HOSPITAL,CA,Pacific,4,Government,6,38.1,Medium Risk,83.3,38.1,38.1
050030,OROVILLE HOSPITAL,CA,Pacific,1,Non-Profit,5,66,Medium-High Risk,100,66,66
050036,BAKERSFIELD MEMORIAL HOSPITAL,CA,Pacific,2,Non-Profit,5,57.7,Medium-High Risk,60,57.7,57.7
050038,SANTA CLARA VALLEY MEDICAL CENTER,CA,Pacific,2,Government,6,55.5,Medium-High Risk,100,55.5,55.5
050039,ENLOE HEALTH,CA,Pacific,2,Non-Profit,6,57.7,Medium-High Risk,66.7,57.7,57.7
050040,LAC/OLIVE VIEW-UCLA MEDICAL CENTER,CA,Pacific,2,Non-Profit,2,57.7,Medium-High Risk,50,57.7,57.7
050042,ST ELIZABETH COMMUNITY HOSPITAL,CA,Pacific,4,Non-Profit,3,40.2,Medium Risk,66.7,40.2,40.2
050043,ALTA BATES SUMMIT MEDICAL CENTER,CA,Pacific,4,Non-Profit,6,40.2,Medium Risk,33.3,40.2,40.2
050045,EL CENTRO REGIONAL MEDICAL CENTER,CA,Pacific,1,Government,3,64,Medium-High Risk,66.7,64,64
050047,CALIFORNIA PACIFIC MEDICAL CENTER- VAN NESS CAMPUS,CA,Pacific,4,Non-Profit,5,40.2,Medium Risk,60,40.2,40.2
050054,SAN GORGONIO MEMORIAL HOSPITAL,CA,Pacific,4,Government,3,38.1,Medium Risk,0,38.1,38.1
050055,CALIFORNIA PACIFIC MEDICAL CENTER - MISSION BERNAL,CA,Pacific,5,Non-Profit,4,32,Medium Risk,75,32,32
050056,ANTELOPE VALLEY HOSPITAL,CA,Pacific,2,Government,5,55.5,Medium-High Risk,80,55.5,55.5
050057,KAWEAH HEALTH MEDICAL CENTER,CA,Pacific,2,Government,6,55.5,Medium-High Risk,50,55.5,55.5
050058,GLENDALE MEM HOSPITAL & HLTH CENTER,CA,Pacific,3,Non-Profit,5,48.9,Medium Risk,60,48.9,48.9
050060,COMMUNITY REGIONAL MEDICAL CENTER,CA,Pacific,1,Non-Profit,5,66,Medium-High Risk,60,66,66
050063,HOLLYWOOD PRESBYTERIAN MEDICAL CENTER,CA,Pacific,1,For-Profit,5,71.8,High Risk,40,71.8,71.8
050069,PROVIDENCE ST. JOSEPH HOSPITAL,CA,Pacific,4,Non-Profit,5,40.2,Medium Risk,40,40.2,40.2
050071,KAISER FOUNDATION HOSPITAL-SANTA CLARA,CA,Pacific,4,Non-Profit,2,40.2,Medium Risk,50,40.2,40.2
050073,KAISER FOUNDATION HOSPITAL AND REHAB CENTER,CA,Pacific,3,Non-Profit,1,48.9,Medium Risk,0,48.9,48.9
050075,KAISER FOUNDATION HOSPITAL - OAKLAND/RICHMOND,CA,Pacific,3,Non-Profit,4,48.9,Medium Risk,75,48.9,48.9
050077,SCRIPPS MERCY HOSPITAL,CA,Pacific,3,Non-Profit,6,48.9,Medium Risk,50,48.9,48.9
050078,PROVIDENCE LITTLE CO OF MARY MED CTR SAN PEDRO,CA,Pacific,2,Non-Profit,3,57.7,Medium-High Risk,33.3,57.7,57.7
050082,ST JOHNS REGIONAL MEDICAL CENTER,CA,Pacific,3,Non-Profit,6,48.9,Medium Risk,50,48.9,48.9
050084,ST JOSEPH'S MEDICAL CENTER OF STOCKTON,CA,Pacific,3,Non-Profit,5,48.9,Medium Risk,60,48.9,48.9
050089,COMMUNITY HOSPITAL OF SAN BERNARDINO,CA,Pacific,3,Non-Profit,2,48.9,Medium Risk,100,48.9,48.9
050090,SONOMA VALLEY HOSPITAL,CA,Pacific,2,Government,3,55.5,Medium-High Risk,66.7,55.5,55.5
050093,SAINT AGNES MEDICAL CENTER,CA,Pacific,1,Non-Profit,6,66,Medium-High Risk,83.3,66,66
050099,SAN ANTONIO REGIONAL HOSPITAL,CA,Pacific,4,Non-Profit,5,40.2,Medium Risk,0,40.2,40.2
050100,SHARP MEMORIAL HOSPITAL,CA,Pacific,4,Non-Profit,6,40.2,Medium Risk,50,40.2,40.2
050101,SUTTER SOLANO MEDICAL CENTER,CA,Pacific,4,Non-Profit,4,40.2,Medium Risk,25,40.2,40.2
050102,PARKVIEW COMMUNITY HOSPITAL MEDICAL CENTER,CA,Pacific,3,For-Profit,3,55.6,Medium-High Risk,100,55.6,55.6
050103,ADVENTIST HEALTH WHITE MEMORIAL,CA,Pacific,3,Non-Profit,4,48.9,Medium Risk,75,48.9,48.9
050104,SAINT FRANCIS MEDICAL CENTER,CA,Pacific,2,Non-Profit,3,57.7,Medium-High Risk,33.3,57.7,57.7
050107,MARIAN REGIONAL MEDICAL CENTER,CA,Pacific,3,Non-Profit,6,48.9,Medium Risk,66.7,48.9,48.9
050108,"SUTTER MEDICAL CENTER, SACRAMENTO",CA,Pacific,4,Non-Profit,6,40.2,Medium Risk,50,40.2,40.2
050110,LOMPOC VALLEY MEDICAL CENTER,CA,Pacific,2,Government,4,55.5,Medium-High Risk,50,55.5,55.5
050112,SANTA MONICA - UCLA MED CTR & ORTHOPAEDIC HOSPITAL,CA,Pacific,4,Non-Profit,5,40.2,Medium Risk,60,40.2,40.2
050113,SAN MATEO MEDICAL CENTER,CA,Pacific,3,Government,1,46.7,Medium Risk,100,46.7,46.7
050115,PALOMAR HEALTH DOWNTOWN CAMPUS,CA,Pacific,3,Government,6,46.7,Medium Risk,66.7,46.7,46.7
050116,NORTHRIDGE HOSPITAL MEDICAL CENTER,CA,Pacific,4,Non-Profit,6,40.2,Medium Risk,83.3,40.2,40.2
050118,DOCTORS HOSPITAL OF MANTECA,CA,Pacific,2,Non-Profit,3,57.7,Medium-High Risk,100,57.7,57.7
050121,ADVENTIST HEALTH HANFORD,CA,Pacific,1,Non-Profit,5,66,Medium-High Risk,20,66,66
050122,DAMERON HOSPITAL,CA,Pacific,2,Non-Profit,5,57.7,Medium-High Risk,20,57.7,57.7
050124,USC VERDUGO HILLS HOSPITAL,CA,Pacific,4,Non-Profit,4,40.2,Medium Risk,75,40.2,40.2
050125,REGIONAL MEDICAL CENTER OF SAN JOSE,CA,Pacific,2,Government,5,55.5,Medium-High Risk,100,55.5,55.5
050126,VALLEY PRESBYTERIAN HOSPITAL,CA,Pacific,3,Non-Profit,5,48.9,Medium Risk,60,48.9,48.9
050127,WOODLAND MEMORIAL HOSPITAL,CA,Pacific,4,Non-Profit,3,40.2,Medium Risk,33.3,40.2,40.2
050128,TRI-CITY MEDICAL CENTER,CA,Pacific,3,Government,5,46.7,Medium Risk,0,46.7,46.7
050129,ST BERNARDINE MEDICAL CENTER,CA,Pacific,3,Non-Profit,5,48.9,Medium Risk,60,48.9,48.9
050131,NOVATO COMMUNITY HOSPITAL,CA,Pacific,5,Non-Profit,4,32,Medium Risk,50,32,32
050132,SAN GABRIEL VALLEY MEDICAL CENTER,CA,Pacific,3,For-Profit,4,55.6,Medium-High Risk,100,55.6,55.6
050133,ADVENTIST HEALTH AND RIDEOUT,CA,Pacific,2,Government,6,55.5,Medium-High Risk,83.3,55.5,55.5
050135,SOUTHERN CALIFORNIA HOSPITAL AT HOLLYWOOD,CA,Pacific,4,For-Profit,4,46.8,Medium Risk,50,46.8,46.8
050136,PETALUMA VALLEY HOSPITAL,CA,Pacific,2,Non-Profit,4,57.7,Medium-High Risk,25,57.7,57.7
050138,KAISER FOUNDATION HOSPITAL - LOS ANGELES,CA,Pacific,4,Non-Profit,1,40.2,Medium Risk,0,40.2,40.2
050140,KAISER FOUNDATION HOSPITAL FONTANA/ONTARIO,CA,Pacific,3,Non-Profit,1,48.9,Medium Risk,100,48.9,48.9
050145,COMMUNITY HOSPITAL OF THE MONTEREY PENINSULA,CA,Pacific,4,Non-Profit,6,40.2,Medium Risk,66.7,40.2,40.2
050149,CALIFORNIA HOSPITAL MEDICAL CENTER LA,CA,Pacific,3,Non-Profit,2,48.9,Medium Risk,0,48.9,48.9
050150,SIERRA NEVADA MEMORIAL HOSPITAL,CA,Pacific,5,Non-Profit,4,32,Medium Risk,75,32,32
050152,SAINT FRANCIS MEMORIAL HOSPITAL,CA,Pacific,3,Non-Profit,4,48.9,Medium Risk,100,48.9,48.9
050158,ENCINO HOSPITAL MEDICAL CENTER,CA,Pacific,3,For-Profit,2,55.6,Medium-High Risk,100,55.6,55.6
050159,VENTURA COUNTY MEDICAL CENTER,CA,Pacific,2,Government,4,55.5,Medium-High Risk,50,55.5,55.5
050167,SAN JOAQUIN GENERAL HOSPITAL,CA,Pacific,2,Government,2,55.5,Medium-High Risk,50,55.5,55.5
050168,PROVIDENCE ST. JUDE MEDICAL CENTER,CA,Pacific,4,Non-Profit,6,40.2,Medium Risk,16.7,40.2,40.2
050169,PIH HEALTH HOSPITAL-WHITTIER,CA,Pacific,4,Non-Profit,6,40.2,Medium Risk,66.7,40.2,40.2
050174,PROVIDENCE SANTA ROSA MEMORIAL HOSPITAL,CA,Pacific,2,Non-Profit,6,57.7,Medium-High Risk,33.3,57.7,57.7
050179,EMANUEL MEDICAL CENTER,CA,Pacific,1,For-Profit,4,71.8,High Risk,75,71.8,71.8
050180,JOHN MUIR MEDICAL CENTER - WALNUT CREEK CAMPUS,CA,Pacific,3,Non-Profit,5,48.9,Medium Risk,40,48.9,48.9
050191,ST MARY MEDICAL CENTER,CA,Pacific,3,Non-Profit,4,48.9,Medium Risk,50,48.9,48.9
050194,WATSONVILLE COMMUNITY HOSPITAL,CA,Pacific,1,For-Profit,3,71.8,High Risk,100,71.8,71.8
050195,WASHINGTON HOSPITAL,CA,Pacific,3,Government,6,46.7,Medium Risk,100,46.7,46.7
050197,SEQUOIA HOSPITAL,CA,Pacific,5,Non-Profit,5,32,Medium Risk,20,32,32
050204,PALMDALE REGIONAL MEDICAL CENTER,CA,Pacific,2,For-Profit,5,64.1,Medium-High Risk,40,64.1,64.1
050211,ALAMEDA HOSPITAL,CA,Pacific,4,Government,3,38.1,Medium Risk,33.3,38.1,38.1
050222,SHARP CHULA VISTA MEDICAL CENTER,CA,Pacific,4,For-Profit,6,46.8,Medium Risk,66.7,46.8,46.8
050224,HOAG MEMORIAL HOSPITAL PRESBYTERIAN,CA,Pacific,5,Non-Profit,5,32,Medium Risk,0,32,32
050226,AHMC ANAHEIM REGIONAL MEDICAL CENTER,CA,Pacific,3,Non-Profit,4,48.9,Medium Risk,75,48.9,48.9
050228,ZUCKERBERG SAN FRANCISCO GENERAL HOSP & TRAUMA CTR,CA,Pacific,2,Government,5,55.5,Medium-High Risk,100,55.5,55.5
050230,GARDEN GROVE HOSPITAL & MEDICAL CENTER,CA,Pacific,2,For-Profit,3,64.1,Medium-High Risk,100,64.1,64.1
050231,POMONA VALLEY HOSPITAL MEDICAL CENTER,CA,Pacific,4,Non-Profit,6,40.2,Medium Risk,50,40.2,40.2
050232,FRENCH HOSPITAL MEDICAL CENTER,CA,Pacific,5,Non-Profit,6,32,Medium Risk,50,32,32
050234,SHARP CORONADO HOSPITAL AND HLTHCR CTR,CA,Pacific,4,For-Profit,3,46.8,Medium Risk,33.3,46.8,46.8
050235,PROVIDENCE SAINT JOSEPH MEDICAL CTR,CA,Pacific,4,Non-Profit,6,40.2,Medium Risk,83.3,40.2,40.2
050236,ADVENTIST HEALTH SIMI VALLEY,CA,Pacific,2,Non-Profit,5,57.7,Medium-High Risk,80,57.7,57.7
050238,USC ARCADIA HOSPITAL,CA,Pacific,3,Non-Profit,5,48.9,Medium Risk,60,48.9,48.9
050239,GLENDALE ADVENTIST MEDICAL CENTER,CA,Pacific,5,Non-Profit,6,32,Medium Risk,50,32,32
050242,DOMINICAN HOSPITAL,CA,Pacific,4,Non-Profit,6,40.2,Medium Risk,50,40.2,40.2
050243,DESERT REGIONAL MEDICAL CENTER,CA,Pacific,2,For-Profit,5,64.1,Medium-High Risk,100,64.1,64.1
050245,ARROWHEAD REGIONAL MEDICAL CENTER,CA,Pacific,1,Government,2,64,Medium-High Risk,0,64,64
050248,NATIVIDAD MEDICAL CENTER,CA,Pacific,3,Government,3,46.7,Medium Risk,100,46.7,46.7
050254,MARSHALL MEDICAL CENTER,CA,Pacific,4,Non-Profit,4,40.2,Medium Risk,25,40.2,40.2
050261,SIERRA VIEW MEDICAL CENTER,CA,Pacific,1,Non-Profit,5,66,Medium-High Risk,40,66,66
050262,RONALD REAGAN UCLA MEDICAL CENTER,CA,Pacific,5,Government,5,30.1,Medium Risk,20,30.1,30.1
050272,REDLANDS COMMUNITY HOSPITAL,CA,Pacific,4,Non-Profit,2,40.2,Medium Risk,0,40.2,40.2
050276,CONTRA COSTA REGIONAL MEDICAL CENTER,CA,Pacific,3,Government,3,46.7,Medium Risk,66.7,46.7,46.7
050278,PROVIDENCE HOLY CROSS MEDICAL CENTER,CA,Pacific,4,Non-Profit,5,40.2,Medium Risk,80,40.2,40.2
050280,MERCY MEDICAL CENTER REDDING,CA,Pacific,2,Non-Profit,6,57.7,Medium-High Risk,50,57.7,57.7
050281,ALHAMBRA HOSPITAL MEDICAL CENTER,CA,Pacific,3,For-Profit,2,55.6,Medium-High Risk,50,55.6,55.6
050283,STANFORD HEALTH CARE - VALLEYCARE,CA,Pacific,4,Non-Profit,6,40.2,Medium Risk,16.7,40.2,40.2
050289,AHMC SETON MEDICAL CENTER,CA,Pacific,1,Non-Profit,4,66,Medium-High Risk,75,66,66
050290,SAINT JOHN'S HEALTH CENTER,CA,Pacific,4,Non-Profit,6,40.2,Medium Risk,50,40.2,40.2
050291,SUTTER SANTA ROSA REGIONAL HOSPITAL,CA,Pacific,5,Non-Profit,5,32,Medium Risk,0,32,32
050292,RIVERSIDE UNIVERSITY HEALTH SYSTEM-MEDICAL CENTER,CA,Pacific,2,Government,3,55.5,Medium-High Risk,33.3,55.5,55.5
050295,MERCY HOSPITAL,CA,Pacific,3,Non-Profit,4,48.9,Medium Risk,25,48.9,48.9
050298,BARSTOW COMMUNITY HOSPITAL,CA,Pacific,2,For-Profit,2,64.1,Medium-High Risk,50,64.1,64.1
050300,PROVIDENCE ST MARY MEDICAL CENTER,CA,Pacific,1,Non-Profit,5,66,Medium-High Risk,60,66,66
050301,ADVENTIST HEALTH UKIAH VALLEY,CA,Pacific,5,Non-Profit,4,32,Medium Risk,0,32,32
050305,ALTA BATES SUMMIT MEDICAL CENTER - ALTA BATES CAMP,CA,Pacific,4,Non-Profit,4,40.2,Medium Risk,25,40.2,40.2
050308,EL CAMINO HOSPITAL,CA,Pacific,4,Government,6,38.1,Medium Risk,66.7,38.1,38.1
050309,SUTTER ROSEVILLE MEDICAL CENTER,CA,Pacific,3,Non-Profit,5,48.9,Medium Risk,20,48.9,48.9
050313,SUTTER TRACY COMMUNITY HOSPITAL,CA,Pacific,4,Non-Profit,3,40.2,Medium Risk,0,40.2,40.2
050315,KERN MEDICAL CENTER,CA,Pacific,1,Government,3,64,Medium-High Risk,33.3,64,64
050320,HIGHLAND HOSPITAL,CA,Pacific,1,Government,4,64,Medium-High Risk,50,64,64
050324,SCRIPPS MEMORIAL HOSPITAL LA JOLLA,CA,Pacific,5,Other,6,44.4,Medium Risk,33.3,44.4,44.4
050327,LOMA LINDA UNIVERSITY MEDICAL CENTER,CA,Pacific,3,Non-Profit,5,48.9,Medium Risk,20,48.9,48.9
050329,CORONA REGIONAL MEDICAL CENTER,CA,Pacific,3,For-Profit,4,55.6,Medium-High Risk,75,55.6,55.6
050334,SALINAS VALLEY MEMORIAL HOSPITAL,CA,Pacific,5,Non-Profit,5,32,Medium Risk,20,32,32
050335,ADVENTIST HEALTH SONORA,CA,Pacific,2,Non-Profit,5,57.7,Medium-High Risk,20,57.7,57.7
050336,ADVENTIST HEALTH LODI MEMORIAL,CA,Pacific,3,Non-Profit,4,48.9,Medium Risk,75,48.9,48.9
050342,PIONEERS MEMORIAL HEALTHCARE DISTRICT,CA,Pacific,3,Government,3,46.7,Medium Risk,33.3,46.7,46.7
050348,UNIVERSITY OF CALIFORNIA IRVINE MEDICAL CENTER,CA,Pacific,4,Government,6,38.1,Medium Risk,50,38.1,38.1
050350,ADVENTIST HEALTH WHITE MEMORIAL MONTEBELLO,CA,Pacific,2,Non-Profit,5,57.7,Medium-High Risk,80,57.7,57.7
050351,TORRANCE MEMORIAL MEDICAL CENTER,CA,Pacific,5,Non-Profit,6,32,Medium Risk,66.7,32,32
050352,BARTON MEMORIAL HOSPITAL,CA,Pacific,3,Non-Profit,2,48.9,Medium Risk,50,48.9,48.9
050353,PROVIDENCE LITTLE COMPANY OF MARY MED CTR TORRANCE,CA,Pacific,4,Non-Profit,5,40.2,Medium Risk,40,40.2,40.2
050357,GOLETA VALLEY COTTAGE HOSPITAL,CA,Pacific,5,Non-Profit,3,32,Medium Risk,33.3,32,32
050360,MARIN GENERAL HOSPITAL,CA,Pacific,4,Government,6,38.1,Medium Risk,16.7,38.1,38.1
050367,NORTHBAY MEDICAL CENTER,CA,Pacific,3,Non-Profit,6,48.9,Medium Risk,66.7,48.9,48.9
050373,LOS ANGELES GENERAL MEDICAL CENTER,CA,Pacific,2,Government,4,55.5,Medium-High Risk,50,55.5,55.5
050376,LAC/HARBOR-UCLA MED CENTER,CA,Pacific,1,Government,5,64,Medium-High Risk,60,64,64
050380,GOOD SAMARITAN HOSPITAL,CA,Pacific,2,For-Profit,6,64.1,Medium-High Risk,66.7,64.1,64.1
050382,EMANATE HEALTH INTER-COMMUNITY HOSPITAL,CA,Pacific,2,For-Profit,6,64.1,Medium-High Risk,83.3,64.1,64.1
050390,HEMET GLOBAL MEDICAL CENTER,CA,Pacific,1,For-Profit,3,71.8,High Risk,33.3,71.8,71.8
050393,PIH HEALTH DOWNEY HOSPITAL,CA,Pacific,3,Non-Profit,4,48.9,Medium Risk,75,48.9,48.9
050394,COMMUNITY MEMORIAL HOSPITAL - VENTURA,CA,Pacific,4,Non-Profit,6,40.2,Medium Risk,33.3,40.2,40.2
050396,SANTA BARBARA COTTAGE HOSPITAL,CA,Pacific,5,Non-Profit,6,32,Medium Risk,33.3,32,32
050407,CHINESE HOSPITAL,CA,Pacific,3,Non-Profit,3,48.9,Medium Risk,100,48.9,48.9
050411,KAISER FOUNDATION HOSPITAL - SOUTH BAY,CA,Pacific,4,Non-Profit,1,40.2,Medium Risk,0,40.2,40.2
050414,MERCY HOSPITAL OF FOLSOM,CA,Pacific,2,Non-Profit,4,57.7,Medium-High Risk,50,57.7,57.7
050417,SUTTER COAST HOSPITAL,CA,Pacific,2,Government,4,55.5,Medium-High Risk,50,55.5,55.5
050424,SCRIPPS GREEN HOSPITAL,CA,Pacific,5,Non-Profit,3,32,Medium Risk,0,32,32
050425,KAISER FOUNDATION HOSPITAL - SACRAMENTO,CA,Pacific,1,Non-Profit,2,66,Medium-High Risk,0,66,66
050426,WEST ANAHEIM MEDICAL CENTER,CA,Pacific,3,For-Profit,4,55.6,Medium-High Risk,75,55.6,55.6
050438,HUNTINGTON HOSPITAL,CA,Pacific,3,Non-Profit,6,48.9,Medium Risk,50,48.9,48.9
050441,STANFORD HEALTH CARE,CA,Pacific,5,Non-Profit,6,32,Medium Risk,66.7,32,32
050444,MERCY MEDICAL CENTER,CA,Pacific,3,Non-Profit,4,48.9,Medium Risk,75,48.9,48.9
050454,UCSF MEDICAL CENTER,CA,Pacific,5,Non-Profit,6,32,Medium Risk,16.7,32,32
050455,ADVENTIST HEALTH BAKERSFIELD,CA,Pacific,2,Non-Profit,4,57.7,Medium-High Risk,25,57.7,57.7
050457,ST MARY'S MEDICAL CENTER,CA,Pacific,3,Non-Profit,5,48.9,Medium Risk,60,48.9,48.9
050464,DOCTORS MEDICAL CENTER,CA,Pacific,1,For-Profit,5,71.8,High Risk,100,71.8,71.8
050468,MEMORIAL HOSPITAL OF GARDENA,CA,Pacific,1,For-Profit,3,71.8,High Risk,66.7,71.8,71.8
050471,PIH HEALTH GOOD SAMARITAN HOSPITAL,CA,Pacific,2,For-Profit,6,64.1,Medium-High Risk,100,64.1,64.1
050481,UCLA WEST VALLEY MEDICAL CENTER,CA,Pacific,1,For-Profit,6,71.8,High Risk,100,71.8,71.8
050485,MEMORIALCARE LONG BEACH MEDICAL CENTER,CA,Pacific,2,Non-Profit,6,57.7,Medium-High Risk,50,57.7,57.7
050488,EDEN MEDICAL CENTER,CA,Pacific,4,Non-Profit,4,40.2,Medium Risk,25,40.2,40.2
050492,CLOVIS COMMUNITY MEDICAL CENTER,CA,Pacific,2,Non-Profit,5,57.7,Medium-High Risk,40,57.7,57.7
050496,JOHN MUIR MEDICAL CENTER - CONCORD CAMPUS,CA,Pacific,5,Non-Profit,6,32,Medium Risk,33.3,32,32
050498,SUTTER AUBURN FAITH HOSPITAL,CA,Pacific,5,Non-Profit,4,32,Medium Risk,0,32,32
050503,SCRIPPS MEMORIAL HOSPITAL - ENCINITAS,CA,Pacific,5,Non-Profit,5,32,Medium Risk,40,32,32
050506,TENET HEALTH CENTRAL COAST SIERRA VISTA RMC,CA,Pacific,3,For-Profit,4,55.6,Medium-High Risk,50,55.6,55.6
050515,KAISER FOUNDATION HOSPITAL - SAN DIEGO,CA,Pacific,5,Non-Profit,1,32,Medium Risk,100,32,32
050516,MERCY SAN JUAN MEDICAL CENTER,CA,Pacific,3,Non-Profit,6,48.9,Medium Risk,100,48.9,48.9
050517,VICTOR VALLEY GLOBAL MEDICAL CENTER,CA,Pacific,1,Non-Profit,3,66,Medium-High Risk,100,66,66
050523,SUTTER DELTA MEDICAL CENTER,CA,Pacific,3,Non-Profit,4,48.9,Medium Risk,75,48.9,48.9
050534,JOHN F KENNEDY MEMORIAL HOSPITAL,CA,Pacific,3,For-Profit,3,55.6,Medium-High Risk,66.7,55.6,55.6
050537,SUTTER DAVIS HOSPITAL,CA,Pacific,5,Non-Profit,3,32,Medium Risk,0,32,32
050549,LOS ROBLES HOSPITAL & MEDICAL CENTER,CA,Pacific,3,For-Profit,6,55.6,Medium-High Risk,83.3,55.6,55.6
050551,UCI HEALTH - LOS ALAMITOS,CA,Pacific,1,For-Profit,4,71.8,High Risk,50,71.8,71.8
050557,MEMORIAL MEDICAL CENTER,CA,Pacific,2,Non-Profit,6,57.7,Medium-High Risk,66.7,57.7,57.7
050567,PROVIDENCE MISSION HOSPITAL,CA,Pacific,4,Non-Profit,6,40.2,Medium Risk,33.3,40.2,40.2
050570,UCI HEALTH - FOUNTAIN VALLEY,CA,Pacific,2,For-Profit,6,64.1,Medium-High Risk,50,64.1,64.1
050573,EISENHOWER MEDICAL CENTER,CA,Pacific,4,For-Profit,6,46.8,Medium Risk,33.3,46.8,46.8
050580,LA PALMA INTERCOMMUNITY HOSPITAL,CA,Pacific,4,For-Profit,2,46.8,Medium Risk,100,46.8,46.8
050581,UCI HEALTH-LAKEWOOD,CA,Pacific,2,For-Profit,4,64.1,Medium-High Risk,100,64.1,64.1
050588,SAN DIMAS COMMUNITY HOSPITAL,CA,Pacific,1,For-Profit,3,71.8,High Risk,100,71.8,71.8
050589,UCI HEALTH - PLACENTIA LINDA,CA,Pacific,2,For-Profit,3,64.1,Medium-High Risk,100,64.1,64.1
050590,METHODIST HOSPITAL OF SACRAMENTO,CA,Pacific,3,Non-Profit,3,48.9,Medium Risk,100,48.9,48.9
050597,EMANATE HEALTH FOOTHILL PRESBYTERIAN HOSPITAL,CA,Pacific,3,Non-Profit,3,48.9,Medium Risk,33.3,48.9,48.9
050599,UNIVERSITY OF CALIFORNIA DAVIS MEDICAL CENTER,CA,Pacific,4,Government,6,38.1,Medium Risk,66.7,38.1,38.1
050603,MEMORIALCARE SADDLEBACK MEDICAL CENTER,CA,Pacific,3,Non-Profit,5,48.9,Medium Risk,20,48.9,48.9
050604,KAISER FOUNDATION HOSPITAL-SAN JOSE,CA,Pacific,4,Non-Profit,1,40.2,Medium Risk,0,40.2,40.2
050624,HENRY MAYO NEWHALL  HOSPITAL,CA,Pacific,3,Non-Profit,4,48.9,Medium Risk,75,48.9,48.9
050625,CEDARS-SINAI MEDICAL CENTER,CA,Pacific,5,Non-Profit,6,32,Medium Risk,33.3,32,32
050633,TENET HEALTH CENTRAL COAST TWIN CITIES COMM HOSP,CA,Pacific,2,For-Profit,4,64.1,Medium-High Risk,75,64.1,64.1
050636,PALOMAR MEDICAL CENTER POWAY,CA,Pacific,3,Government,3,46.7,Medium Risk,0,46.7,46.7
050663,LOS ANGELES COMMUNITY HOSPITAL,CA,Pacific,3,For-Profit,3,55.6,Medium-High Risk,66.7,55.6,55.6
050674,KAISER FOUNDATION HOSP SO SACRAMENTO,CA,Pacific,4,Non-Profit,3,40.2,Medium Risk,33.3,40.2,40.2
050678,MEMORIALCARE ORANGE COAST MEDICAL CENTER,CA,Pacific,4,For-Profit,5,46.8,Medium Risk,80,46.8,46.8
050689,SAN RAMON REGIONAL MEDICAL CENTER,CA,Pacific,3,For-Profit,5,55.6,Medium-High Risk,80,55.6,55.6
050696,KECK HOSPITAL OF USC,CA,Pacific,5,Non-Profit,5,32,Medium Risk,20,32,32
050701,SOUTHWEST HEALTHCARE RANCHO SPRINGS HOSPITAL,CA,Pacific,3,For-Profit,3,55.6,Medium-High Risk,33.3,55.6,55.6
050704,MISSION COMMUNITY HOSPITAL,CA,Pacific,2,Non-Profit,4,57.7,Medium-High Risk,25,57.7,57.7
050709,DESERT VALLEY HOSPITAL,CA,Pacific,2,For-Profit,5,64.1,Medium-High Risk,80,64.1,64.1
050735,WHITTIER HOSPITAL MEDICAL CENTER,CA,Pacific,3,For-Profit,3,55.6,Medium-High Risk,66.7,55.6,55.6
050736,MONTEREY PARK HOSPITAL,CA,Pacific,2,For-Profit,2,64.1,Medium-High Risk,100,64.1,64.1
050737,GARFIELD MEDICAL CENTER,CA,Pacific,1,For-Profit,5,71.8,High Risk,80,71.8,71.8
050738,GREATER EL MONTE COMMUNITY HOSPITAL,CA,Pacific,3,Non-Profit,2,48.9,Medium Risk,50,48.9,48.9
050739,CENTINELA HOSPITAL MEDICAL CENTER,CA,Pacific,2,For-Profit,4,64.1,Medium-High Risk,100,64.1,64.1
050740,CEDAR-SINAI MARINA DEL REY HOSPITAL,CA,Pacific,4,For-Profit,4,46.8,Medium Risk,100,46.8,46.8
050745,CHAPMAN GLOBAL MEDICAL CENTER,CA,Pacific,1,For-Profit,2,71.8,High Risk,50,71.8,71.8
050746,ORANGE COUNTY GLOBAL MEDICAL CENTER,CA,Pacific,1,For-Profit,3,71.8,High Risk,66.7,71.8,71.8
050755,SHERMAN OAKS HOSPITAL,CA,Pacific,2,Non-Profit,5,57.7,Medium-High Risk,80,57.7,57.7
050758,MONTCLAIR HOSPITAL MEDICAL CENTER,CA,Pacific,2,Non-Profit,2,57.7,Medium-High Risk,100,57.7,57.7
050760,KAISER FOUNDATION HOSPITAL - ANTIOCH,CA,Pacific,4,Non-Profit,1,40.2,Medium Risk,100,40.2,40.2
050761,PROVIDENCE CEDARS SINAI TARZANA MEDICAL CENTER,CA,Pacific,3,Non-Profit,6,48.9,Medium Risk,50,48.9,48.9
050763,L A DOWNTOWN MEDICAL CENTER,CA,Pacific,4,For-Profit,3,46.8,Medium Risk,100,46.8,46.8
050764,SHASTA REGIONAL MEDICAL CENTER,CA,Pacific,1,For-Profit,6,71.8,High Risk,100,71.8,71.8
050770,LOMA LINDA UNIVERSITY MEDICAL CENTER-MURRIETA,CA,Pacific,1,Non-Profit,5,66,Medium-High Risk,60,66,66
050771,COAST PLAZA HOSPITAL,CA,Pacific,2,For-Profit,2,64.1,Medium-High Risk,50,64.1,64.1
050772,KAISER FOUNDATION HOSPITAL - ROSEVILLE,CA,Pacific,2,Non-Profit,1,57.7,Medium-High Risk,100,57.7,57.7
050775,TEMECULA VALLEY HOSPITAL,CA,Pacific,3,For-Profit,6,55.6,Medium-High Risk,50,55.6,55.6
050776,COLLEGE MEDICAL CENTER,CA,Pacific,1,For-Profit,3,71.8,High Risk,100,71.8,71.8
050777,KAISER FOUNDATION HOSPITAL - SAN LEANDRO,CA,Pacific,3,Non-Profit,1,48.9,Medium Risk,100,48.9,48.9
050779,"MARTIN LUTHER KING, JR. COMMUNITY HOSPITAL",CA,Pacific,4,Non-Profit,3,40.2,Medium Risk,100,40.2,40.2
050782,CASA COLINA HOSPITAL,CA,Pacific,4,Non-Profit,3,40.2,Medium Risk,0,40.2,40.2
050783,COLUSA MEDICAL CENTER,CA,Pacific,4,For-Profit,3,46.8,Medium Risk,33.3,46.8,46.8
060001,BANNER NORTH COLORADO MEDICAL CENTER,CO,Mountain West,4,Non-Profit,6,27.7,Low-Medium Risk,0,27.7,27.7
060003,LONGMONT UNITED HOSPITAL,CO,Mountain West,4,Non-Profit,4,27.7,Low-Medium Risk,100,27.7,27.7
060004,INTERMOUNTAIN HEALTH PLATTE VALLEY HOSPITAL,CO,Mountain West,2,Non-Profit,3,43.7,Medium Risk,0,43.7,43.7
060006,MONTROSE REGIONAL HEALTH,CO,Mountain West,4,Non-Profit,4,27.7,Low-Medium Risk,0,27.7,27.7
060008,SAN LUIS VALLEY REGIONAL  MEDICAL CENTER,CO,Mountain West,1,Non-Profit,2,52.6,Medium-High Risk,0,52.6,52.6
060009,LUTHERAN MEDICAL CENTER,CO,Mountain West,4,Non-Profit,4,27.7,Low-Medium Risk,0,27.7,27.7
060010,POUDRE VALLEY HOSPITAL,CO,Mountain West,5,Non-Profit,5,21.2,Low-Medium Risk,0,21.2,21.2
060011,DENVER HEALTH & HOSPITAL AUTHORITY,CO,Mountain West,2,Government,3,41.6,Medium Risk,33.3,41.6,41.6
060012,"ST MARY CORWIN MED CTR, CENTURA HEALTH",CO,Mountain West,3,Non-Profit,2,35.3,Medium Risk,0,35.3,35.3
060013,MERCY REGIONAL MEDICAL CENTER,CO,Mountain West,5,Non-Profit,4,21.2,Low-Medium Risk,0,21.2,21.2
060014,PRESBYTERIAN/ST LUKE'S MEDICAL CENTER,CO,Mountain West,3,Government,3,33.3,Medium Risk,66.7,33.3,33.3
060015,CENTURA HEALTH-ST ANTHONY HOSPITAL,CO,Mountain West,5,Non-Profit,5,21.2,Low-Medium Risk,0,21.2,21.2
060020,"PARKVIEW MEDICAL CENTER, INC",CO,Mountain West,2,Non-Profit,6,43.7,Medium Risk,50,43.7,43.7
060022,UCH-MEMORIAL HEALTH SYSTEM,CO,Mountain West,4,Government,6,25.9,Low-Medium Risk,0,25.9,25.9
060023,ST MARY'S REGIONAL HOSPITAL,CO,Mountain West,4,Non-Profit,6,27.7,Low-Medium Risk,0,27.7,27.7
060024,UNIVERSITY OF COLORADO HOSPITAL AUTHORITY,CO,Mountain West,5,Government,6,19.7,Low Risk,0,19.7,19.7
060027,BOULDER COMMUNITY HEALTH,CO,Mountain West,3,Non-Profit,6,35.3,Medium Risk,66.7,35.3,35.3
060028,SAINT JOSEPH HOSPITAL,CO,Mountain West,5,Non-Profit,5,21.2,Low-Medium Risk,40,21.2,21.2
060030,BANNER MCKEE MEDICAL CENTER,CO,Mountain West,3,Non-Profit,3,35.3,Medium Risk,33.3,35.3,35.3
060031,CENTURA HEALTH-PENROSE ST FRANCIS HEALTH SERVICES,CO,Mountain West,4,Non-Profit,6,27.7,Low-Medium Risk,33.3,27.7,27.7
060032,ROSE MEDICAL CENTER,CO,Mountain West,4,For-Profit,5,33.4,Medium Risk,80,33.4,33.4
060034,HCA-HEALTHONE DBA SWEDISH MEDICAL CENTER,CO,Mountain West,5,For-Profit,6,26,Low-Medium Risk,16.7,26,26
060049,UCHEALTH YAMPA VALLEY MEDICAL CENTER,CO,Mountain West,4,Non-Profit,2,27.7,Low-Medium Risk,50,27.7,27.7
060054,COMMUNITY HOSPITAL,CO,Mountain West,5,Non-Profit,3,21.2,Low-Medium Risk,0,21.2,21.2
060064,CENTURA HEALTH-PORTER ADVENTIST HOSPITAL,CO,Mountain West,5,Non-Profit,6,21.2,Low-Medium Risk,50,21.2,21.2
060065,NORTH SUBURBAN MEDICAL CENTER,CO,Mountain West,2,Non-Profit,4,43.7,Medium Risk,75,43.7,43.7
060071,DELTA COUNTY MEMORIAL HOSPITAL,CO,Mountain West,3,Government,3,33.3,Medium Risk,33.3,33.3,33.3
060075,VALLEY VIEW HOSPITAL ASSOCIATION,CO,Mountain West,5,Non-Profit,5,21.2,Low-Medium Risk,20,21.2,21.2
060096,VAIL HEALTH HOSPITAL,CO,Mountain West,5,Non-Profit,4,21.2,Low-Medium Risk,0,21.2,21.2
060100,THE MEDICAL CENTER OF AURORA & SOUTH HOSPITAL,CO,Mountain West,4,For-Profit,6,33.4,Medium Risk,16.7,33.4,33.4
060103,CENTURA HEALTH-AVISTA ADVENTIST HOSPITAL,CO,Mountain West,4,Non-Profit,2,27.7,Low-Medium Risk,0,27.7,27.7
060104,CENTURA HEALTH-ST ANTHONY NORTH HEALTH CAMPUS,CO,Mountain West,4,Non-Profit,4,27.7,Low-Medium Risk,25,27.7,27.7
060112,SKY RIDGE MEDICAL CENTER,CO,Mountain West,5,Non-Profit,5,21.2,Low-Medium Risk,20,21.2,21.2
060113,"LITTLETON ADVENTIST HOSPITAL, CENTURA HEALTH",CO,Mountain West,4,Non-Profit,5,27.7,Low-Medium Risk,60,27.7,27.7
060114,PARKER ADVENTIST HOSPITAL,CO,Mountain West,5,Non-Profit,5,21.2,Low-Medium Risk,0,21.2,21.2
060116,GOOD SAMARITAN MEDICAL CENTER LLC,CO,Mountain West,5,Non-Profit,4,21.2,Low-Medium Risk,50,21.2,21.2
060119,MEDICAL CENTER OF THE ROCKIES,CO,Mountain West,4,Non-Profit,6,27.7,Low-Medium Risk,50,27.7,27.7
060125,ADVENTHEALTH CASTLE ROCK,CO,Mountain West,4,Non-Profit,3,27.7,Low-Medium Risk,66.7,27.7,27.7
060128,LONGS PEAK HOSPITAL,CO,Mountain West,4,Non-Profit,4,27.7,Low-Medium Risk,0,27.7,27.7
060129,UCHEALTH BROOMFIELD HOSPITAL,CO,Mountain West,5,For-Profit,1,26,Low-Medium Risk,0,26,26
060131,UCHEALTH GREELEY HOSPITAL,CO,Mountain West,4,Non-Profit,4,27.7,Low-Medium Risk,25,27.7,27.7
060132,UCHEALTH HIGHLANDS RANCH HOSPITAL,CO,Mountain West,5,Non-Profit,4,21.2,Low-Medium Risk,25,21.2,21.2
070002,ST FRANCIS HOSPITAL & MEDICAL CENTER,CT,Northeast,2,Non-Profit,6,65.8,Medium-High Risk,50,65.8,65.8
070003,DAY KIMBALL HOSPITAL,CT,Northeast,2,Non-Profit,4,65.8,Medium-High Risk,75,65.8,65.8
070004,SHARON HOSPITAL,CT,Northeast,5,For-Profit,4,46.5,Medium Risk,25,46.5,46.5
070005,WATERBURY HOSPITAL,CT,Northeast,3,For-Profit,5,63.8,Medium-High Risk,60,63.8,63.8
070006,STAMFORD HOSPITAL,CT,Northeast,4,Non-Profit,6,48.6,Medium Risk,16.7,48.6,48.6
070007,LAWRENCE & MEMORIAL HOSPITAL,CT,Northeast,2,Non-Profit,5,65.8,Medium-High Risk,60,65.8,65.8
070008,JOHNSON MEMORIAL HOSPITAL,CT,Northeast,3,Non-Profit,3,57.4,Medium-High Risk,0,57.4,57.4
070010,BRIDGEPORT HOSPITAL,CT,Northeast,3,Non-Profit,6,57.4,Medium-High Risk,50,57.4,57.4
070011,CHARLOTTE HUNGERFORD HOSPITAL,CT,Northeast,3,Non-Profit,3,57.4,Medium-High Risk,100,57.4,57.4
070016,SAINT MARY'S HOSPITAL,CT,Northeast,4,Non-Profit,4,48.6,Medium Risk,0,48.6,48.6
070017,MIDSTATE MEDICAL CENTER,CT,Northeast,4,Non-Profit,5,48.6,Medium Risk,60,48.6,48.6
070018,GREENWICH HOSPITAL ASSOCIATION -,CT,Northeast,4,Non-Profit,5,48.6,Medium Risk,60,48.6,48.6
070020,MIDDLESEX HOSPITAL,CT,Northeast,3,Non-Profit,5,57.4,Medium-High Risk,80,57.4,57.4
070021,WINDHAM COMMUNITY MEMORIAL HOSPITAL,CT,Northeast,4,Non-Profit,4,48.6,Medium Risk,50,48.6,48.6
070022,YALE-NEW HAVEN HOSPITAL,CT,Northeast,4,Non-Profit,6,48.6,Medium Risk,33.3,48.6,48.6
070024,WILLIAM W BACKUS HOSPITAL,CT,Northeast,3,Non-Profit,4,57.4,Medium-High Risk,50,57.4,57.4
070025,HARTFORD HOSPITAL,CT,Northeast,4,Non-Profit,6,48.6,Medium Risk,50,48.6,48.6
070027,MANCHESTER MEMORIAL HOSPITAL,CT,Northeast,3,For-Profit,4,63.8,Medium-High Risk,75,63.8,63.8
070028,ST VINCENT'S MEDICAL CENTER,CT,Northeast,3,Non-Profit,6,57.4,Medium-High Risk,83.3,57.4,57.4
070029,BRISTOL HOSPITAL,CT,Northeast,4,Non-Profit,3,48.6,Medium Risk,66.7,48.6,48.6
070031,GRIFFIN HOSPITAL,CT,Northeast,3,Non-Profit,4,57.4,Medium-High Risk,50,57.4,57.4
070033,DANBURY HOSPITAL,CT,Northeast,3,Non-Profit,6,57.4,Medium-High Risk,83.3,57.4,57.4
070034,NORWALK HOSPITAL,CT,Northeast,3,Non-Profit,4,57.4,Medium-High Risk,75,57.4,57.4
070035,THE HOSPITAL OF CENTRAL CONNECTICUT,CT,Northeast,3,Non-Profit,4,57.4,Medium-High Risk,50,57.4,57.4
070036,JOHN DEMPSEY HOSPITAL,CT,Northeast,3,Government,4,55.2,Medium-High Risk,50,55.2,55.2
080001,CHRISTIANA HOSPITAL,DE,Mid-Atlantic,4,Non-Profit,6,43.7,Medium Risk,0,43.7,43.7
080003,ST FRANCIS HOSPITAL,DE,Mid-Atlantic,3,Non-Profit,4,52.6,Medium-High Risk,25,52.6,52.6
080004,"BAYHEALTH MEDICAL CENTER, KENT CAMPUS",DE,Mid-Atlantic,2,Non-Profit,6,61.2,Medium-High Risk,33.3,61.2,61.2
080006,"TIDALHEALTH NANTICOKE, INC.",DE,Mid-Atlantic,5,Non-Profit,4,35.3,Medium Risk,0,35.3,35.3
080007,BEEBE MEDICAL CENTER,DE,Mid-Atlantic,3,Non-Profit,5,52.6,Medium-High Risk,60,52.6,52.6
080009,"BAYHEALTH HOSPITAL, SUSSEX CAMPUS",DE,Mid-Atlantic,4,Non-Profit,5,43.7,Medium Risk,0,43.7,43.7
090001,GEORGE WASHINGTON UNIV HOSPITAL,DC,Mid-Atlantic,1,For-Profit,6,74.7,High Risk,33.3,74.7,74.7
090003,HOWARD UNIVERSITY HOSPITAL CORP,DC,Mid-Atlantic,1,Non-Profit,4,69.2,Medium-High Risk,75,69.2,69.2
090004,MEDSTAR GEORGETOWN UNIVERSITY HOSPITAL,DC,Mid-Atlantic,3,For-Profit,4,59.2,Medium-High Risk,100,59.2,59.2
090005,SIBLEY MEMORIAL HOSPITAL,DC,Mid-Atlantic,3,Non-Profit,5,52.6,Medium-High Risk,40,52.6,52.6
090008,UNITED MEDICAL CENTER,DC,Mid-Atlantic,2,For-Profit,3,67.4,Medium-High Risk,33.3,67.4,67.4
090011,MEDSTAR WASHINGTON HOSPITAL CENTER,DC,Mid-Atlantic,3,Non-Profit,6,52.6,Medium-High Risk,66.7,52.6,52.6
100001,SHANDS JACKSONVILLE,FL,South,3,Non-Profit,5,49.7,Medium Risk,60,49.7,49.7
100002,BETHESDA  HOSPITAL INC,FL,South,2,Non-Profit,6,58.5,Medium-High Risk,66.7,58.5,58.5
100006,ORLANDO HEALTH,FL,South,2,Non-Profit,6,58.5,Medium-High Risk,83.3,58.5,58.5
100007,ADVENTHEALTH ORLANDO,FL,South,3,Non-Profit,6,49.7,Medium Risk,100,49.7,49.7
100008,BAPTIST HOSPITAL OF MIAMI,FL,South,4,Non-Profit,5,41,Medium Risk,40,41,41
100012,LEE MEMORIAL HOSPITAL,FL,South,5,Government,6,30.8,Medium Risk,33.3,30.8,30.8
100014,ADVENTHEALTH NEW SMYRNA BEACH,FL,South,3,Non-Profit,4,49.7,Medium Risk,50,49.7,49.7
100017,HALIFAX HEALTH MEDICAL CENTER,FL,South,1,Government,6,64.8,Medium-High Risk,66.7,64.8,64.8
100018,NAPLES COMMUNITY HOSPITAL,FL,South,3,Non-Profit,6,49.7,Medium Risk,33.3,49.7,49.7
100019,HOLMES REGIONAL MEDICAL CENTER,FL,South,3,Non-Profit,6,49.7,Medium Risk,0,49.7,49.7
100022,JACKSON HEALTH SYSTEM,FL,South,1,Government,4,64.8,Medium-High Risk,50,64.8,64.8
100023,HCA FLORIDA CITRUS HOSPITAL,FL,South,2,Government,6,56.3,Medium-High Risk,50,56.3,56.3
100025,SACRED HEART HOSPITAL,FL,South,4,Non-Profit,6,41,Medium Risk,100,41,41
100026,ASCENSION SACRED HEART BAY,FL,South,3,Non-Profit,5,49.7,Medium Risk,20,49.7,49.7
100028,PARRISH MEDICAL CENTER,FL,South,2,Government,5,56.3,Medium-High Risk,60,56.3,56.3
100029,STEWARD NORTH SHORE MEDICAL CENTER,FL,South,1,For-Profit,5,72.5,High Risk,60,72.5,72.5
100030,ORLANDO HEALTH-HEALTH CENTRAL HOSPITAL,FL,South,2,Government,5,56.3,Medium-High Risk,80,56.3,56.3
100032,ORLANDO HEALTH BAYFRONT HOSPITAL,FL,South,1,Non-Profit,5,66.8,Medium-High Risk,60,66.8,66.8
100034,"MOUNT SINAI MEDICAL CENTER OF FLORIDA, INC",FL,South,2,Non-Profit,6,58.5,Medium-High Risk,66.7,58.5,58.5
100035,MANATEE MEMORIAL HOSPITAL,FL,South,2,For-Profit,6,64.9,Medium-High Risk,33.3,64.9,64.9
100038,MEMORIAL REGIONAL HOSPITAL,FL,South,3,Government,6,47.5,Medium Risk,100,47.5,47.5
100039,BROWARD HEALTH MEDICAL CENTER,FL,South,3,Government,5,47.5,Medium Risk,80,47.5,47.5
100040,ASCENSION ST VINCENT'S RIVERSIDE,FL,South,2,Non-Profit,6,58.5,Medium-High Risk,83.3,58.5,58.5
100043,MEASE DUNEDIN HOSPITAL,FL,South,5,Non-Profit,4,32.8,Medium Risk,25,32.8,32.8
100044,CLEVELAND CLINIC MARTIN NORTH HOSPITAL,FL,South,2,Non-Profit,6,58.5,Medium-High Risk,83.3,58.5,58.5
100045,ADVENTHEALTH DELAND,FL,South,4,Non-Profit,4,41,Medium Risk,75,41,41
100046,FLORIDA HOSPITAL ZEPHYRHILLS,FL,South,5,Non-Profit,5,32.8,Medium Risk,20,32.8,32.8
100047,SHOREPOINT HEALTH PUNTA GORDA,FL,South,1,For-Profit,3,72.5,High Risk,66.7,72.5,72.5
100049,HCA FLORIDA HIGHLANDS HOSPITAL,FL,South,1,For-Profit,5,72.5,High Risk,60,72.5,72.5
100050,LARKIN COMMUNITY HOSPITAL PALM SPRINGS CAMPUS,FL,South,3,Non-Profit,3,49.7,Medium Risk,0,49.7,49.7
100051,ORLANDO HEALTH SOUTH LAKE HOSPITAL,FL,South,3,Government,5,47.5,Medium Risk,60,47.5,47.5
100052,WINTER HAVEN HOSPITAL,FL,South,2,Non-Profit,5,58.5,Medium-High Risk,80,58.5,58.5
100053,STEWARD HIALEAH HOSPITAL,FL,South,1,For-Profit,4,72.5,High Risk,75,72.5,72.5
100054,HCA FLORIDA TWIN CITIES HOSPITAL,FL,South,4,For-Profit,4,47.6,Medium Risk,100,47.6,47.6
100055,ADVENTHEALTH NORTH PINELLAS,FL,South,3,Non-Profit,5,49.7,Medium Risk,60,49.7,49.7
100057,ADVENTHEALTH WATERMAN,FL,South,4,Non-Profit,6,41,Medium Risk,66.7,41,41
100062,ADVENTHEALTH OCALA,FL,South,3,Government,6,47.5,Medium Risk,50,47.5,47.5
100063,MORTON PLANT NORTH BAY HOSPITAL,FL,South,3,Non-Profit,4,49.7,Medium Risk,100,49.7,49.7
100067,ST ANTHONYS HOSPITAL,FL,South,4,Non-Profit,4,41,Medium Risk,50,41,41
100068,ADVENTHEALTH DAYTONA BEACH,FL,South,5,Non-Profit,6,32.8,Medium Risk,16.7,32.8,32.8
100069,FLORIDA HOSPITAL CARROLLWOOD,FL,South,4,Non-Profit,5,41,Medium Risk,60,41,41
100071,TAMPA GENERAL HOSPITAL BROOKSVILLE,FL,South,1,Non-Profit,4,66.8,Medium-High Risk,50,66.8,66.8
100072,ADVENTHEALTH FISH MEMORIAL,FL,South,4,Non-Profit,4,41,Medium Risk,75,41,41
100073,HOLY CROSS HOSPITAL,FL,South,3,Non-Profit,6,49.7,Medium Risk,33.3,49.7,49.7
100075,ST JOSEPHS HOSPITAL,FL,South,4,Non-Profit,5,41,Medium Risk,0,41,41
100077,SHOREPOINT HEALTH PORT CHARLOTTE,FL,South,1,For-Profit,6,72.5,High Risk,100,72.5,72.5
100080,HCA FLORIDA JFK HOSPITAL,FL,South,2,For-Profit,6,64.9,Medium-High Risk,83.3,64.9,64.9
100084,UF HEALTH LEESBURG HOSPITAL,FL,South,2,Non-Profit,6,58.5,Medium-High Risk,50,58.5,58.5
100086,BROWARD HEALTH NORTH,FL,South,2,Government,5,56.3,Medium-High Risk,100,56.3,56.3
100087,SARASOTA MEMORIAL HOSPITAL,FL,South,5,Government,6,30.8,Medium Risk,16.7,30.8,30.8
100088,BAPTIST HEALTH MEDICAL CENTER - JACKSONVILLE,FL,South,4,Non-Profit,6,41,Medium Risk,33.3,41,41
100090,FLAGLER HOSPITAL,FL,South,3,Non-Profit,6,49.7,Medium Risk,66.7,49.7,49.7
100092,STEWARD ROCKLEDGE HOSPITAL,FL,South,5,For-Profit,5,38.9,Medium Risk,20,38.9,38.9
100093,BAPTIST HOSPITAL,FL,South,4,Non-Profit,6,41,Medium Risk,16.7,41,41
100099,ADVENTHEALTH LAKE WALES,FL,South,1,For-Profit,3,72.5,High Risk,100,72.5,72.5
100105,CLEVELAND CLINIC INDIAN RIVER HOSPITAL,FL,South,4,Non-Profit,6,41,Medium Risk,16.7,41,41
100107,LEHIGH REGIONAL MEDICAL CENTER,FL,South,3,Non-Profit,3,49.7,Medium Risk,66.7,49.7,49.7
100109,ADVENTHEALTH SEBRING,FL,South,3,Non-Profit,5,49.7,Medium Risk,40,49.7,49.7
100110,HCA FLORIDA OSCEOLA HOSPITAL,FL,South,2,For-Profit,5,64.9,Medium-High Risk,100,64.9,64.9
100113,UF HEALTH SHANDS HOSPITAL,FL,South,4,Non-Profit,6,41,Medium Risk,50,41,41
100117,BAPTIST MEDICAL CENTER  BEACHES,FL,South,4,Non-Profit,5,41,Medium Risk,60,41,41
100118,FLORIDA HOSPITAL FLAGLER,FL,South,3,Non-Profit,5,49.7,Medium Risk,40,49.7,49.7
100121,BARTOW REGIONAL MEDICAL CENTER,FL,South,3,For-Profit,4,56.4,Medium-High Risk,75,56.4,56.4
100122,NORTH OKALOOSA MEDICAL CENTER,FL,South,3,Non-Profit,4,49.7,Medium Risk,25,49.7,49.7
100124,SANTA ROSA MEDICAL CENTER,FL,South,4,For-Profit,5,47.6,Medium Risk,60,47.6,47.6
100125,HOMESTEAD HOSPITAL,FL,South,4,Non-Profit,3,41,Medium Risk,33.3,41,41
100126,HCA FLORIDA PASADENA HOSPITAL,FL,South,3,For-Profit,5,56.4,Medium-High Risk,60,56.4,56.4
100127,MORTON PLANT HOSPITAL,FL,South,4,Non-Profit,6,41,Medium Risk,33.3,41,41
100128,TAMPA GENERAL HOSPITAL,FL,South,3,Non-Profit,6,49.7,Medium Risk,83.3,49.7,49.7
100131,HCA FLORIDA AVENTURA HOSPITAL,FL,South,2,Non-Profit,5,58.5,Medium-High Risk,80,58.5,58.5
100132,SOUTH FLORIDA BAPTIST HOSPITAL,FL,South,4,Non-Profit,4,41,Medium Risk,0,41,41
100135,TALLAHASSEE MEMORIAL HEALTHCARE,FL,South,2,Non-Profit,6,58.5,Medium-High Risk,50,58.5,58.5
100137,ADVENTHEALTH HEART OF FLORIDA,FL,South,1,For-Profit,5,72.5,High Risk,80,72.5,72.5
100140,BAPTIST MEDICAL CENTER - NASSAU,FL,South,4,Non-Profit,3,41,Medium Risk,0,41,41
100142,JACKSON HOSPITAL,FL,South,1,Government,4,64.8,Medium-High Risk,75,64.8,64.8
100150,LOWER KEYS MEDICAL CENTER,FL,South,3,For-Profit,4,56.4,Medium-High Risk,25,56.4,56.4
100151,MAYO CLINIC,FL,South,5,Non-Profit,6,32.8,Medium Risk,33.3,32.8,32.8
100154,SOUTH MIAMI HOSPITAL,FL,South,5,Non-Profit,5,32.8,Medium Risk,60,32.8,32.8
100156,HCA FLORIDA LAKE CITY HOSPITAL,FL,South,3,For-Profit,4,56.4,Medium-High Risk,75,56.4,56.4
100157,LAKELAND REGIONAL MEDICAL CENTER,FL,South,1,Non-Profit,6,66.8,Medium-High Risk,83.3,66.8,66.8
100161,CENTRAL FLORIDA LAKE MONROE HOSPITAL,FL,South,2,For-Profit,6,64.9,Medium-High Risk,50,64.9,64.9
100166,HCA FLORIDA SARASOTA DOCTORS HOSPITAL,FL,South,4,For-Profit,5,47.6,Medium Risk,20,47.6,47.6
100167,HCA FLORIDA MERCY HOSPITAL,FL,South,1,Non-Profit,5,66.8,Medium-High Risk,60,66.8,66.8
100168,BOCA RATON REGIONAL HOSPITAL,FL,South,2,Non-Profit,6,58.5,Medium-High Risk,50,58.5,58.5
100173,ADVENTHEALTH TAMPA,FL,South,2,Non-Profit,6,58.5,Medium-High Risk,50,58.5,58.5
100176,PALM BEACH GARDENS MEDICAL CENTER,FL,South,1,For-Profit,6,72.5,High Risk,83.3,72.5,72.5
100177,CAPE CANAVERAL HOSPITAL,FL,South,4,Non-Profit,5,41,Medium Risk,0,41,41
100179,HCA FLORIDA MEMORIAL HOSPITAL,FL,South,2,For-Profit,6,64.9,Medium-High Risk,66.7,64.9,64.9
100180,HCA FLORIDA ST PETERSBURG HOSPITAL,FL,South,2,For-Profit,3,64.9,Medium-High Risk,100,64.9,64.9
100183,STEWARD CORAL GABLES HOSPITAL,FL,South,3,For-Profit,3,56.4,Medium-High Risk,33.3,56.4,56.4
100187,STEWARD PALMETTO GENERAL HOSPITAL,FL,South,1,For-Profit,5,72.5,High Risk,60,72.5,72.5
100189,HCA FLORIDA NORTHWEST HOSPITAL,FL,South,1,For-Profit,4,72.5,High Risk,100,72.5,72.5
100191,HCA FLORIDA TRINITY HOSPITAL,FL,South,3,For-Profit,5,56.4,Medium-High Risk,100,56.4,56.4
100200,BROWARD HEALTH IMPERIAL POINT,FL,South,2,Government,3,56.3,Medium-High Risk,100,56.3,56.3
100204,HCA FLORIDA NORTH FLORIDA HOSPITAL,FL,South,2,For-Profit,6,64.9,Medium-High Risk,50,64.9,64.9
100206,HCA FLORIDA SOUTH TAMPA HOSPITAL,FL,South,3,For-Profit,4,56.4,Medium-High Risk,75,56.4,56.4
100209,HCA FLORIDA KENDALL HOSPITAL,FL,South,2,For-Profit,4,64.9,Medium-High Risk,50,64.9,64.9
100211,ADVENTHEALTH DADE CITY,FL,South,4,For-Profit,4,47.6,Medium Risk,50,47.6,47.6
100212,MARION COMMUNTIY HOSPITAL,FL,South,1,For-Profit,6,72.5,High Risk,100,72.5,72.5
100213,HCA FLORIDA BLAKE HOSPITAL,FL,South,1,For-Profit,6,72.5,High Risk,66.7,72.5,72.5
100217,SEBASTIAN RIVER MEDICAL CENTER,FL,South,3,For-Profit,5,56.4,Medium-High Risk,60,56.4,56.4
100220,GULF COAST MEDICAL CENTER LEE HEALTH,FL,South,4,Government,5,38.8,Medium Risk,40,38.8,38.8
100223,HCA FLORIDA FORT WALTON-DESTIN HOSPITAL,FL,South,3,For-Profit,6,56.4,Medium-High Risk,66.7,56.4,56.4
100224,UNIVERSITY HOSPITAL AND MEDICAL CENTER,FL,South,1,For-Profit,4,72.5,High Risk,50,72.5,72.5
100226,HCA FLORIDA ORANGE PARK HOSPITAL,FL,South,2,Non-Profit,6,58.5,Medium-High Risk,66.7,58.5,58.5
100228,WESTSIDE REGIONAL MEDICAL CENTER,FL,South,3,For-Profit,5,56.4,Medium-High Risk,80,56.4,56.4
100230,MEMORIAL HOSPITAL PEMBROKE,FL,South,2,Government,3,56.3,Medium-High Risk,66.7,56.3,56.3
100231,HCA FLORIDA WEST HOSPITAL,FL,South,2,For-Profit,6,64.9,Medium-High Risk,83.3,64.9,64.9
100232,HCA FLORIDA PUTNAM HOSPITAL,FL,South,1,For-Profit,5,72.5,High Risk,80,72.5,72.5
100236,HCA FLORIDA FAWCETT HOSPITAL,FL,South,2,For-Profit,6,64.9,Medium-High Risk,66.7,64.9,64.9
100238,HCA FLORIDA NORTHSIDE HOSPITAL,FL,South,1,For-Profit,6,72.5,High Risk,100,72.5,72.5
100242,HCA FLORIDA GULF COAST HOSPITAL,FL,South,3,For-Profit,5,56.4,Medium-High Risk,60,56.4,56.4
100243,HCA FLORIDA BRANDON HOSPITAL,FL,South,3,For-Profit,6,56.4,Medium-High Risk,83.3,56.4,56.4
100244,CAPE CORAL HOSPITAL,FL,South,4,Government,4,38.8,Medium Risk,0,38.8,38.8
100246,HCA FLORIDA LAWNWOOD HOSPITAL,FL,South,1,For-Profit,5,72.5,High Risk,100,72.5,72.5
100248,HCA FLORIDA LARGO HOSPITAL,FL,South,2,For-Profit,5,64.9,Medium-High Risk,80,64.9,64.9
100249,TAMPA GENERAL HOSPITAL CRYSTAL RIVER,FL,South,1,Non-Profit,5,66.8,Medium-High Risk,60,66.8,66.8
100252,HCA FLORIDA RAULERSON HOSPITAL,FL,South,3,For-Profit,4,56.4,Medium-High Risk,75,56.4,56.4
100253,JUPITER MEDICAL CENTER,FL,South,4,Non-Profit,6,41,Medium Risk,66.7,41,41
100254,HCA FLORIDA CAPITAL HOSPITAL,FL,South,1,For-Profit,6,72.5,High Risk,66.7,72.5,72.5
100256,HCA FLORIDA BAYONET POINT HOSPITAL,FL,South,2,For-Profit,6,64.9,Medium-High Risk,83.3,64.9,64.9
100258,DELRAY MEDICAL CENTER,FL,South,2,For-Profit,6,64.9,Medium-High Risk,66.7,64.9,64.9
100259,HCA FLORIDA SOUTH SHORE HOSPITAL,FL,South,2,For-Profit,5,64.9,Medium-High Risk,80,64.9,64.9
100260,ST LUCIE MEDICAL CENTER,FL,South,1,For-Profit,5,72.5,High Risk,100,72.5,72.5
100264,HCA FLORIDA OAK HILL HOSPITAL,FL,South,3,For-Profit,6,56.4,Medium-High Risk,66.7,56.4,56.4
100265,MEASE COUNTRYSIDE HOSPITAL,FL,South,5,Non-Profit,4,32.8,Medium Risk,25,32.8,32.8
100266,GULF BREEZE HOSPITAL,FL,South,5,Non-Profit,4,32.8,Medium Risk,25,32.8,32.8
100267,HCA FLORIDA ENGLEWOOD HOSPITAL,FL,South,3,For-Profit,5,56.4,Medium-High Risk,60,56.4,56.4
100268,WEST BOCA MEDICAL CENTER,FL,South,2,For-Profit,4,64.9,Medium-High Risk,75,64.9,64.9
100269,HCA FLORIDA PALMS WEST HOSPITAL,FL,South,3,For-Profit,4,56.4,Medium-High Risk,50,56.4,56.4
100275,WELLINGTON REGIONAL MEDICAL CENTER,FL,South,1,For-Profit,5,72.5,High Risk,80,72.5,72.5
100276,BROWARD HEALTH CORAL SPRINGS,FL,South,2,Government,4,56.3,Medium-High Risk,100,56.3,56.3
100281,MEMORIAL HOSPITAL WEST,FL,South,3,Government,5,47.5,Medium Risk,80,47.5,47.5
100284,KERALTY HOSPITAL,FL,South,1,For-Profit,3,72.5,High Risk,100,72.5,72.5
100285,MEMORIAL HOSPITAL MIRAMAR,FL,South,4,Government,3,38.8,Medium Risk,33.3,38.8,38.8
100286,PHYSICIANS REGIONAL MEDICAL CENTER - PINE RIDGE,FL,South,1,For-Profit,6,72.5,High Risk,100,72.5,72.5
100287,GOOD SAMARITAN MEDICAL CENTER,FL,South,1,For-Profit,5,72.5,High Risk,100,72.5,72.5
100288,ST MARY'S MEDICAL CENTER,FL,South,1,For-Profit,3,72.5,High Risk,66.7,72.5,72.5
100289,CLEVELAND CLINIC HOSPITAL,FL,South,3,Non-Profit,6,49.7,Medium Risk,50,49.7,49.7
100290,"VILLAGES REGIONAL HOSPITAL, THE",FL,South,1,Non-Profit,5,66.8,Medium-High Risk,80,66.8,66.8
100291,MELBOURNE REGIONAL MEDICAL CENTER,FL,South,2,For-Profit,5,64.9,Medium-High Risk,60,64.9,64.9
100292,SACRED HEART HOSPITAL ON THE EMERALD COAST,FL,South,5,Non-Profit,4,32.8,Medium Risk,50,32.8,32.8
100296,DOCTORS HOSPITAL,FL,South,5,Non-Profit,4,32.8,Medium Risk,75,32.8,32.8
100299,LAKEWOOD RANCH MEDICAL CENTER,FL,South,3,For-Profit,5,56.4,Medium-High Risk,40,56.4,56.4
100302,ORLANDO HEALTH ST CLOUD HOSPITAL,FL,South,2,For-Profit,4,64.9,Medium-High Risk,75,64.9,64.9
100307,ASCENSION ST VINCENT'S SOUTHSIDE,FL,South,4,Non-Profit,5,41,Medium Risk,60,41,41
100314,WEST KENDALL BAPTIST HOSPITAL,FL,South,5,Non-Profit,3,32.8,Medium Risk,66.7,32.8,32.8
100315,VIERA HOSPITAL,FL,South,5,Non-Profit,4,32.8,Medium Risk,0,32.8,32.8
100316,PALM BAY HOSPITAL,FL,South,4,For-Profit,5,47.6,Medium Risk,0,47.6,47.6
100319,ADVENTHEALTH WESLEY CHAPEL,FL,South,4,Non-Profit,5,41,Medium Risk,60,41,41
100320,HCA FLORIDA POINCIANA HOSPITAL,FL,South,3,For-Profit,4,56.4,Medium-High Risk,50,56.4,56.4
100321,ASCENSION ST VINCENT'S CLAY COUNTY,FL,South,3,Non-Profit,5,49.7,Medium Risk,80,49.7,49.7
100329,OVIEDO MEDICAL CENTER,FL,South,4,For-Profit,4,47.6,Medium Risk,75,47.6,47.6
100359,SARASOTA MEMORIAL HOSPITAL - VENICE,FL,South,4,Government,5,38.8,Medium Risk,40,38.8,38.8
110001,HAMILTON MEDICAL CENTER,GA,South,2,Non-Profit,5,58.5,Medium-High Risk,60,58.5,58.5
110002,UPSON REGIONAL MEDICAL CENTER,GA,South,2,Non-Profit,4,58.5,Medium-High Risk,75,58.5,58.5
110003,MEMORIAL SATILLA HEALTH,GA,South,4,Non-Profit,4,41,Medium Risk,75,41,41
110005,NORTHSIDE HOSPITAL FORSYTH,GA,South,4,Non-Profit,5,41,Medium Risk,0,41,41
110006,ST MARY'S HOSPITAL,GA,South,3,Non-Profit,5,49.7,Medium Risk,40,49.7,49.7
110007,PHOEBE PUTNEY MEMORIAL HOSPITAL,GA,South,2,Government,6,56.3,Medium-High Risk,83.3,56.3,56.3
110008,NORTHSIDE HOSPITAL CHEROKEE,GA,South,4,Non-Profit,5,41,Medium Risk,60,41,41
110010,EMORY UNIVERSITY HOSPITAL,GA,South,4,Non-Profit,6,41,Medium Risk,50,41,41
110011,TANNER MEDICAL CENTER - CARROLLTON,GA,South,3,Government,4,47.5,Medium Risk,25,47.5,47.5
110015,TANNER MEDICAL CENTER VILLA RICA,GA,South,1,Government,4,64.8,Medium-High Risk,100,64.8,64.8
110016,WELLSTAR WEST GEORGIA MEDICAL CENTER,GA,South,3,Non-Profit,4,49.7,Medium Risk,50,49.7,49.7
110018,PIEDMONT NEWTON HOSPITAL,GA,South,3,Non-Profit,4,49.7,Medium Risk,50,49.7,49.7
110023,ADVENTHEALTH GORDON,GA,South,4,Non-Profit,4,41,Medium Risk,25,41,41
110024,CANDLER HOSPITAL,GA,South,1,Non-Profit,3,66.8,Medium-High Risk,33.3,66.8,66.8
110025,SOUTHEAST GEORGIA HEALTH SYSTEM- BRUNSWICK CAMPUS,GA,South,1,Government,5,64.8,Medium-High Risk,60,64.8,64.8
110027,"TY COBB REGIONAL MEDICAL CENTER, LLC",GA,South,2,Non-Profit,3,58.5,Medium-High Risk,33.3,58.5,58.5
110028,PIEDMONT AUGUSTA HOSPITAL,GA,South,3,Government,6,47.5,Medium Risk,66.7,47.5,47.5
110029,"NORTHEAST GEORGIA MEDICAL CENTER, INC",GA,South,3,Government,6,47.5,Medium Risk,33.3,47.5,47.5
110030,PIEDMONT CARTERSVILLE MEDICAL CENTER,GA,South,2,Non-Profit,5,58.5,Medium-High Risk,60,58.5,58.5
110031,WELLSTAR SPALDING MEDICAL CENTER,GA,South,1,For-Profit,4,72.5,High Risk,75,72.5,72.5
110032,STEPHENS COUNTY HOSPITAL,GA,South,2,Government,3,56.3,Medium-High Risk,66.7,56.3,56.3
110034,AU MEDICAL CENTER,GA,South,2,Non-Profit,5,58.5,Medium-High Risk,80,58.5,58.5
110035,WELLSTAR KENNESTONE REGIONAL MEDICAL CENTER,GA,South,4,Government,6,38.8,Medium Risk,33.3,38.8,38.8
110036,MEMORIAL UNIVERSITY MEDICAL CENTER,GA,South,1,Non-Profit,6,66.8,Medium-High Risk,66.7,66.8,66.8
110038,ARCHBOLD MEMORIAL HOSPITAL,GA,South,4,Non-Profit,5,41,Medium Risk,60,41,41
110041,NORTHEAST GEORGIA MEDICAL CENTER HABERSHAM,GA,South,3,Government,3,47.5,Medium Risk,0,47.5,47.5
110042,WELLSTAR PAULDING MEDICAL CENTER,GA,South,4,Non-Profit,4,41,Medium Risk,75,41,41
110043,ST JOSEPH'S HOSPITAL - SAVANNAH,GA,South,2,Non-Profit,6,58.5,Medium-High Risk,16.7,58.5,58.5
110044,PHOEBE SUMTER MEDICAL CENTER,GA,South,1,Government,3,64.8,Medium-High Risk,66.7,64.8,64.8
110046,PIEDMONT WALTON HOSPITAL,GA,South,4,For-Profit,3,47.6,Medium Risk,66.7,47.6,47.6
110051,UNION GENERAL HOSPITAL,GA,South,3,Government,4,47.5,Medium Risk,50,47.5,47.5
110054,ATRIUM HEALTH FLOYD MEDICAL CENTER,GA,South,2,Government,5,56.3,Medium-High Risk,60,56.3,56.3
110064,PIEDMONT COLUMBUS REGIONAL MIDTOWN,GA,South,2,Non-Profit,4,58.5,Medium-High Risk,25,58.5,58.5
110069,HOUSTON HEALTHCARE,GA,South,2,Non-Profit,5,58.5,Medium-High Risk,60,58.5,58.5
110074,PIEDMONT ATHENS REGIONAL MEDICAL CENTER,GA,South,4,Non-Profit,5,41,Medium Risk,80,41,41
110075,EAST GEORGIA REGIONAL MEDICAL CENTER,GA,South,3,For-Profit,5,56.4,Medium-High Risk,80,56.4,56.4
110076,EMORY DECATUR HOSPITAL,GA,South,2,Non-Profit,5,58.5,Medium-High Risk,80,58.5,58.5
110078,EMORY UNIVERSITY HOSPITAL MIDTOWN,GA,South,2,Non-Profit,6,58.5,Medium-High Risk,50,58.5,58.5
110079,GRADY MEMORIAL HOSPITAL,GA,South,1,Non-Profit,4,66.8,Medium-High Risk,50,66.8,66.8
110082,"SAINT JOSEPH'S HOSPITAL OF ATLANTA, INC",GA,South,3,Non-Profit,6,49.7,Medium Risk,50,49.7,49.7
110083,PIEDMONT HOSPITAL,GA,South,4,Non-Profit,6,41,Medium Risk,0,41,41
110087,NORTHSIDE HOSPITAL GWINNETT,GA,South,2,Government,6,56.3,Medium-High Risk,16.7,56.3,56.3
110089,"COFFEE REGIONAL MEDICAL CENTER, INC",GA,South,2,Government,4,56.3,Medium-High Risk,75,56.3,56.3
110091,PIEDMONT ROCKDALE HOSPITAL,GA,South,2,For-Profit,4,64.9,Medium-High Risk,50,64.9,64.9
110095,TIFT REGIONAL MEDICAL CENTER,GA,South,2,Government,4,56.3,Medium-High Risk,75,56.3,56.3
110104,CRISP REGIONAL HOSPITAL,GA,South,3,For-Profit,3,56.4,Medium-High Risk,33.3,56.4,56.4
110105,COLQUITT REGIONAL MEDICAL CENTER,GA,South,3,Government,4,47.5,Medium Risk,75,47.5,47.5
110107,ATRIUM HEALTH NAVICENT THE MEDICAL CENTER,GA,South,1,Government,6,64.8,Medium-High Risk,0,64.8,64.8
110109,EMANUEL MEDICAL CENTER,GA,South,4,Government,3,38.8,Medium Risk,33.3,38.8,38.8
110122,SGMC HEALTH,GA,South,2,Government,5,56.3,Medium-High Risk,60,56.3,56.3
110124,WAYNE MEMORIAL HOSPITAL,GA,South,2,Government,3,56.3,Medium-High Risk,33.3,56.3,56.3
110125,FAIRVIEW PARK HOSPITAL,GA,South,5,For-Profit,4,38.9,Medium Risk,100,38.9,38.9
110128,MEMORIAL HEALTH MEADOWS HOSPITAL,GA,South,5,For-Profit,4,38.9,Medium Risk,25,38.9,38.9
110129,ST FRANCIS HOSPITAL- EMORY HEALTHCARE,GA,South,2,Non-Profit,6,58.5,Medium-High Risk,0,58.5,58.5
110143,WELLSTAR COBB MEDICAL CENTER,GA,South,2,Non-Profit,5,58.5,Medium-High Risk,80,58.5,58.5
110150,NAVICENT HEALTH BALDWIN,GA,South,1,For-Profit,3,72.5,High Risk,66.7,72.5,72.5
110153,HOUSTON HEALTHCARE,GA,South,4,Non-Profit,4,41,Medium Risk,25,41,41
110161,NORTHSIDE HOSPITAL,GA,South,3,Non-Profit,5,49.7,Medium Risk,60,49.7,49.7
110164,"COLISEUM MEDICAL CENTERS, LLC, DBA",GA,South,3,Non-Profit,5,49.7,Medium Risk,60,49.7,49.7
110165,SOUTHERN REGIONAL MEDICAL CENTER,GA,South,1,Non-Profit,2,66.8,Medium-High Risk,0,66.8,66.8
110168,ADVENTHEALTH REDMOND,GA,South,4,For-Profit,6,47.6,Medium Risk,83.3,47.6,47.6
110177,DOCTORS HOSPITAL,GA,South,3,For-Profit,5,56.4,Medium-High Risk,40,56.4,56.4
110184,WELLSTAR DOUGLAS MEDICAL CENTER,GA,South,3,Non-Profit,4,49.7,Medium Risk,50,49.7,49.7
110191,PIEDMONT HENRY HOSPITAL,GA,South,2,Government,5,56.3,Medium-High Risk,60,56.3,56.3
110192,PIEDMONT EASTSIDE MEDICAL CENTER,GA,South,2,For-Profit,4,64.9,Medium-High Risk,75,64.9,64.9
110198,WELLSTAR NORTH FULTON MEDICAL CENTER,GA,South,2,For-Profit,4,64.9,Medium-High Risk,75,64.9,64.9
110200,PIEDMONT COLUMBUS REGIONAL NORTHSIDE,GA,South,4,For-Profit,4,47.6,Medium Risk,25,47.6,47.6
110201,PIEDMONT MACON NORTH HOSPITAL,GA,South,4,For-Profit,2,47.6,Medium Risk,50,47.6,47.6
110215,PIEDMONT FAYETTE HOSPITAL,GA,South,3,Non-Profit,5,49.7,Medium Risk,80,49.7,49.7
110225,PIEDMONT MOUNTAINSIDE HOSPITAL INC,GA,South,4,Non-Profit,3,41,Medium Risk,0,41,41
110226,EMORY HILLANDALE HOSPITAL,GA,South,1,Government,2,64.8,Medium-High Risk,50,64.8,64.8
110229,"PIEDMONT NEWNAN HOSPITAL, INC",GA,South,3,Non-Profit,5,49.7,Medium Risk,40,49.7,49.7
110230,EMORY JOHNS CREEK HOSPITAL,GA,South,3,For-Profit,5,56.4,Medium-High Risk,60,56.4,56.4
110252,NORTHSIDE HOSPITAL DULUTH,GA,South,4,Non-Profit,3,41,Medium Risk,66.7,41,41
120001,THE QUEENS MEDICAL CENTER,HI,Pacific,4,Non-Profit,6,40.2,Medium Risk,66.7,40.2,40.2
120002,MAUI MEMORIAL MEDICAL CENTER,HI,Pacific,3,Government,4,46.7,Medium Risk,0,46.7,46.7
120005,HILO MEDICAL CENTER,HI,Pacific,2,Government,4,55.5,Medium-High Risk,50,55.5,55.5
120006,ADVENTIST HEALTH CASTLE,HI,Pacific,5,Non-Profit,5,32,Medium Risk,80,32,32
120007,KUAKINI MEDICAL CENTER,HI,Pacific,3,Non-Profit,4,48.9,Medium Risk,25,48.9,48.9
120011,KAISER FOUNDATION HOSPITAL,HI,Pacific,3,Non-Profit,3,48.9,Medium Risk,66.7,48.9,48.9
120014,WILCOX MEMORIAL HOSPITAL,HI,Pacific,2,Government,2,55.5,Medium-High Risk,50,55.5,55.5
120019,KONA COMMUNITY HOSPITAL,HI,Pacific,1,Government,3,64,Medium-High Risk,66.7,64,64
120022,STRAUB CLINIC AND HOSPITAL,HI,Pacific,4,For-Profit,6,46.8,Medium Risk,33.3,46.8,46.8
120026,PALI MOMI MEDICAL CENTER,HI,Pacific,4,For-Profit,3,46.8,Medium Risk,66.7,46.8,46.8
120028,"NORTH HAWAII COMMUNITY HOSPITAL, INC",HI,Pacific,2,Non-Profit,2,57.7,Medium-High Risk,0,57.7,57.7
130002,ST LUKES MAGIC VALLEY MEDICAL CENTER,ID,Mountain West,5,Non-Profit,4,21.2,Low-Medium Risk,0,21.2,21.2
130003,ST JOSEPH REGIONAL MEDICAL CENTER,ID,Mountain West,3,Non-Profit,4,35.3,Medium Risk,0,35.3,35.3
130006,ST LUKE'S REGIONAL MEDICAL CENTER,ID,Mountain West,5,Non-Profit,6,21.2,Low-Medium Risk,16.7,21.2,21.2
130007,SAINT ALPHONSUS REGIONAL MEDICAL CENTER,ID,Mountain West,4,Non-Profit,6,27.7,Low-Medium Risk,16.7,27.7,27.7
130013,SAINT ALPHONSUS MEDICAL CENTER - NAMPA,ID,Mountain West,3,Non-Profit,5,35.3,Medium Risk,20,35.3,35.3
130014,WEST VALLEY MEDICAL CENTER,ID,Mountain West,5,For-Profit,2,26,Low-Medium Risk,50,26,26
130018,EASTERN IDAHO REGIONAL MEDICAL CENTER,ID,Mountain West,3,For-Profit,6,41.7,Medium Risk,16.7,41.7,41.7
130025,MADISON MEMORIAL HOSPITAL,ID,Mountain West,5,Government,1,19.7,Low Risk,0,19.7,19.7
130028,PORTNEUF MEDICAL CENTER,ID,Mountain West,4,For-Profit,6,33.4,Medium Risk,33.3,33.4,33.4
130049,KOOTENAI HEALTH,ID,Mountain West,4,Government,6,25.9,Low-Medium Risk,0,25.9,25.9
130065,MOUNTAIN VIEW HOSPITAL,ID,Mountain West,1,Other,1,65.2,Medium-High Risk,0,65.2,65.2
130071,ST LUKE'S NAMPA MEDICAL CENTER,ID,Mountain West,5,Non-Profit,4,21.2,Low-Medium Risk,0,21.2,21.2
130074,"IDAHO FALLS COMMUNITY HOSPITAL, LLC",ID,Mountain West,3,For-Profit,3,41.7,Medium Risk,0,41.7,41.7
140001,GRAHAM HOSPITAL ASSOCIATION,IL,Midwest,2,Non-Profit,4,56.9,Medium-High Risk,50,56.9,56.9
140002,ALTON MEMORIAL HOSPITAL,IL,Midwest,4,Non-Profit,5,39.4,Medium Risk,80,39.4,39.4
140007,PRESENCE SAINT JOSEPH MEDICAL CENTER,IL,Midwest,2,Non-Profit,6,56.9,Medium-High Risk,83.3,56.9,56.9
140008,LOYOLA GOTTLIEB MEMORIAL HOSPITAL,IL,Midwest,3,Non-Profit,5,48.1,Medium Risk,100,48.1,48.1
140010,NORTHSHORE UNIVERSITY HEALTHSYSTEM - EVANSTON HOSPITAL,IL,Midwest,5,Non-Profit,6,31.3,Medium Risk,50,31.3,31.3
140011,HERRIN HOSPITAL,IL,Midwest,1,Non-Profit,4,65.3,Medium-High Risk,100,65.3,65.3
140012,KATHERINE SHAW BETHEA HOSPITAL,IL,Midwest,3,Non-Profit,4,48.1,Medium Risk,75,48.1,48.1
140013,PROCTOR HOSPITAL,IL,Midwest,4,Non-Profit,4,39.4,Medium Risk,50,39.4,39.4
140015,BLESSING HOSPITAL,IL,Midwest,4,Non-Profit,6,39.4,Medium Risk,33.3,39.4,39.4
140018,MT SINAI HOSPITAL MEDICAL CENTER,IL,Midwest,1,Non-Profit,4,65.3,Medium-High Risk,100,65.3,65.3
140029,COPLEY MEMORIAL HOSPITAL,IL,Midwest,4,Non-Profit,6,39.4,Medium Risk,50,39.4,39.4
140030,ADVOCATE SHERMAN HOSPITAL,IL,Midwest,4,Non-Profit,5,39.4,Medium Risk,80,39.4,39.4
140032,ST ANTHONYS MEMORIAL HOSPITAL,IL,Midwest,3,Non-Profit,4,48.1,Medium Risk,50,48.1,48.1
140034,SSM HEALTH ST MARY'S HOSPITAL -CENTRALIA,IL,Midwest,3,Non-Profit,3,48.1,Medium Risk,100,48.1,48.1
140043,CGH MEDICAL CENTER,IL,Midwest,2,Government,5,54.7,Medium-High Risk,40,54.7,54.7
140046,GOOD SAMARITAN REGIONAL HLTH CENTER,IL,Midwest,2,Non-Profit,5,56.9,Medium-High Risk,80,56.9,56.9
140048,ADVOCATE TRINITY HOSPITAL,IL,Midwest,2,Non-Profit,4,56.9,Medium-High Risk,100,56.9,56.9
140049,WEST SUBURBAN MEDICAL CENTER,IL,Midwest,1,Non-Profit,3,65.3,Medium-High Risk,100,65.3,65.3
140052,OSF SAINT ANTHONY'S HEALTH CENTER,IL,Midwest,2,Non-Profit,4,56.9,Medium-High Risk,50,56.9,56.9
140053,ST JOHNS HOSPITAL,IL,Midwest,3,Non-Profit,5,48.1,Medium Risk,0,48.1,48.1
140054,MACNEAL  HOSPITAL,IL,Midwest,2,For-Profit,4,63.4,Medium-High Risk,75,63.4,63.4
140059,JERSEY COMMUNITY HOSPITAL,IL,Midwest,3,Government,4,45.9,Medium Risk,50,45.9,45.9
140062,PALOS COMMUNITY HOSPITAL,IL,Midwest,3,Non-Profit,6,48.1,Medium Risk,83.3,48.1,48.1
140063,RUSH OAK PARK HOSPITAL,IL,Midwest,4,Non-Profit,4,39.4,Medium Risk,50,39.4,39.4
140064,ST MARY MEDICAL CENTER,IL,Midwest,3,Non-Profit,4,48.1,Medium Risk,100,48.1,48.1
140065,ADVENTIST LA GRANGE MEMORIAL HOSPITAL,IL,Midwest,4,Non-Profit,5,39.4,Medium Risk,40,39.4,39.4
140067,SAINT FRANCIS MEDICAL CENTER,IL,Midwest,1,Non-Profit,6,65.3,Medium-High Risk,33.3,65.3,65.3
140068,ROSELAND COMMUNITY HOSPITAL,IL,Midwest,1,Non-Profit,3,65.3,Medium-High Risk,66.7,65.3,65.3
140080,PRESENCE SAINT FRANCIS HOSPITAL,IL,Midwest,2,Non-Profit,5,56.9,Medium-High Risk,60,56.9,56.9
140082,LOUIS A WEISS MEMORIAL HOSPITAL,IL,Midwest,1,For-Profit,5,71.1,High Risk,40,71.1,71.1
140084,VISTA MEDICAL CENTER EAST,IL,Midwest,2,For-Profit,4,63.4,Medium-High Risk,50,63.4,63.4
140088,THE UNIVERSITY OF CHICAGO MEDICAL CENTER,IL,Midwest,3,Non-Profit,5,48.1,Medium Risk,60,48.1,48.1
140089,MC DONOUGH DISTRICT HOSPITAL,IL,Midwest,4,Government,3,37.3,Medium Risk,33.3,37.3,37.3
140091,CARLE FOUNDATION HOSPITAL,IL,Midwest,3,Non-Profit,6,48.1,Medium Risk,66.7,48.1,48.1
140093,OSF SACRED HEART MEDICAL CENTER,IL,Midwest,1,Non-Profit,5,65.3,Medium-High Risk,60,65.3,65.3
140101,MORRIS HOSPITAL & HEALTHCARE CENTERS,IL,Midwest,3,Non-Profit,5,48.1,Medium Risk,40,48.1,48.1
140103,ST BERNARD HOSPITAL,IL,Midwest,1,Non-Profit,3,65.3,Medium-High Risk,66.7,65.3,65.3
140110,OSF SAINT ELIZABETH MDL CTR,IL,Midwest,3,Non-Profit,3,48.1,Medium Risk,0,48.1,48.1
140113,OSF HEART OF MARY MEDICAL CENTER,IL,Midwest,2,Non-Profit,5,56.9,Medium-High Risk,60,56.9,56.9
140114,SWEDISH HOSPITAL,IL,Midwest,2,Non-Profit,4,56.9,Medium-High Risk,25,56.9,56.9
140116,NORTHWESTERN MEDICINE MCHENRY,IL,Midwest,5,Non-Profit,6,31.3,Medium Risk,66.7,31.3,31.3
140117,AMITA HEALTH RESURRECTION MEDICAL CENTER,IL,Midwest,4,Non-Profit,6,39.4,Medium Risk,33.3,39.4,39.4
140119,RUSH UNIVERSITY MEDICAL CENTER,IL,Midwest,5,Non-Profit,6,31.3,Medium Risk,50,31.3,31.3
140120,PEKIN MEMORIAL HOSPITAL,IL,Midwest,3,Non-Profit,3,48.1,Medium Risk,0,48.1,48.1
140122,ADVENTIST HINSDALE HOSPITAL,IL,Midwest,4,Non-Profit,5,39.4,Medium Risk,0,39.4,39.4
140124,JOHN H STROGER JR HOSPITAL,IL,Midwest,2,Government,4,54.7,Medium-High Risk,75,54.7,54.7
140125,GATEWAY REGIONAL MEDICAL CENTER,IL,Midwest,1,Non-Profit,3,65.3,Medium-High Risk,66.7,65.3,65.3
140127,CARLE BROMENN MEDICAL CENTER,IL,Midwest,4,Non-Profit,5,39.4,Medium Risk,40,39.4,39.4
140130,NORTHWESTERN LAKE FOREST HOSPITAL,IL,Midwest,5,Non-Profit,5,31.3,Medium Risk,40,31.3,31.3
140133,HOLY CROSS HOSPITAL,IL,Midwest,1,Non-Profit,3,65.3,Medium-High Risk,66.7,65.3,65.3
140135,DECATUR MEMORIAL HOSPITAL,IL,Midwest,3,Non-Profit,5,48.1,Medium Risk,40,48.1,48.1
140148,MEMORIAL MEDICAL CENTER,IL,Midwest,2,Non-Profit,6,56.9,Medium-High Risk,50,56.9,56.9
140150,UNIVERSITY OF ILLINOIS HOSPITAL AND CLINICS,IL,Midwest,2,Government,5,54.7,Medium-High Risk,60,54.7,54.7
140155,PRESENCE ST MARYS HOSPITAL,IL,Midwest,4,Non-Profit,5,39.4,Medium Risk,0,39.4,39.4
140158,INSIGHT HOSPITAL AND MEDICAL CENTER CHICAGO,IL,Midwest,1,Non-Profit,3,65.3,Medium-High Risk,33.3,65.3,65.3
140160,FHN MEMORIAL HOSPITAL,IL,Midwest,3,Non-Profit,5,48.1,Medium Risk,20,48.1,48.1
140161,SAINT JAMES HOSPITAL,IL,Midwest,3,Non-Profit,4,48.1,Medium Risk,50,48.1,48.1
140162,ST JOSEPH MEDICAL CENTER,IL,Midwest,2,Non-Profit,6,56.9,Medium-High Risk,83.3,56.9,56.9
140164,MEMORIAL HOSPITAL OF CARBONDALE,IL,Midwest,2,Non-Profit,6,56.9,Medium-High Risk,66.7,56.9,56.9
140166,ST MARYS HOSPITAL,IL,Midwest,2,Non-Profit,5,56.9,Medium-High Risk,60,56.9,56.9
140172,FRANCISCAN HEALTH OLYMPIA & CHICAGO HEIGHTS,IL,Midwest,2,Non-Profit,5,56.9,Medium-High Risk,100,56.9,56.9
140174,PRESENCE MERCY MEDICAL CENTER,IL,Midwest,3,Non-Profit,5,48.1,Medium Risk,80,48.1,48.1
140179,OSF LITTLE COMPANY OF MARY MEDICAL CENTER,IL,Midwest,3,Non-Profit,5,48.1,Medium Risk,100,48.1,48.1
140180,PRESENCE SAINTS MARY AND ELIZABETH MEDICAL CENTER,IL,Midwest,3,Non-Profit,4,48.1,Medium Risk,75,48.1,48.1
140182,ADVOCATE ILLINOIS MASONIC MEDICAL CENTER,IL,Midwest,3,Non-Profit,4,48.1,Medium Risk,50,48.1,48.1
140184,HEARTLAND REGIONAL MEDICAL CENTER,IL,Midwest,2,For-Profit,5,63.4,Medium-High Risk,60,63.4,63.4
140185,MEMORIAL HOSPITAL,IL,Midwest,4,Non-Profit,6,39.4,Medium Risk,66.7,39.4,39.4
140186,RIVERSIDE MEDICAL CENTER,IL,Midwest,4,Non-Profit,5,39.4,Medium Risk,60,39.4,39.4
140187,HSHS ST ELIZABETH'S HOSPITAL,IL,Midwest,4,Non-Profit,6,39.4,Medium Risk,66.7,39.4,39.4
140189,SARAH BUSH LINCOLN HEALTH CENTER,IL,Midwest,1,Non-Profit,5,65.3,Medium-High Risk,60,65.3,65.3
140191,INGALLS MEMORIAL HOSPITAL,IL,Midwest,2,Other,5,69.1,Medium-High Risk,80,69.1,69.1
140200,ELMHURST MEMORIAL HOSPITAL,IL,Midwest,4,For-Profit,6,46,Medium Risk,66.7,46,46
140202,ADVOCATE CONDELL MEDICAL CENTER,IL,Midwest,4,Non-Profit,6,39.4,Medium Risk,33.3,39.4,39.4
140206,HUMBOLDT PARK HEALTH,IL,Midwest,1,Non-Profit,3,65.3,Medium-High Risk,100,65.3,65.3
140208,ADVOCATE CHRIST HOSPITAL & MEDICAL CENTER,IL,Midwest,2,Non-Profit,6,56.9,Medium-High Risk,100,56.9,56.9
140209,METHODIST MEDICAL CENTER OF ILLINOIS,IL,Midwest,2,Non-Profit,5,56.9,Medium-High Risk,80,56.9,56.9
140210,HARRISBURG MEDICAL CENTER,IL,Midwest,3,Non-Profit,3,48.1,Medium Risk,33.3,48.1,48.1
140211,NORTHWESTERN MEDICINE DELNOR COMMUNITY HOSPITAL,IL,Midwest,5,Non-Profit,5,31.3,Medium Risk,60,31.3,31.3
140213,SILVER CROSS HOSPITAL  AND MEDICAL CENTERS,IL,Midwest,4,Non-Profit,6,39.4,Medium Risk,50,39.4,39.4
140217,PRESENCE SAINT JOSEPH HOSPITAL - ELGIN,IL,Midwest,3,Non-Profit,5,48.1,Medium Risk,20,48.1,48.1
140223,ADVOCATE LUTHERAN GENERAL HOSPITAL,IL,Midwest,5,Non-Profit,6,31.3,Medium Risk,50,31.3,31.3
140224,PRESENCE SAINT JOSEPH HOSPITAL - CHICAGO,IL,Midwest,4,Non-Profit,5,39.4,Medium Risk,40,39.4,39.4
140228,UW HEALTH,IL,Midwest,3,Non-Profit,5,48.1,Medium Risk,100,48.1,48.1
140231,EDWARD HOSPITAL,IL,Midwest,5,Non-Profit,6,31.3,Medium Risk,50,31.3,31.3
140233,SAINT ANTHONY MEDICAL CENTER,IL,Midwest,2,Non-Profit,6,56.9,Medium-High Risk,83.3,56.9,56.9
140239,JAVON BEA HOSPITAL,IL,Midwest,3,Non-Profit,5,48.1,Medium Risk,0,48.1,48.1
140242,NORTHWESTERN MEDICINE CENTRAL DUPAGE HOSPITAL,IL,Midwest,5,Non-Profit,6,31.3,Medium Risk,33.3,31.3,31.3
140251,COMMUNITY FIRST MEDICAL CENTER,IL,Midwest,1,For-Profit,4,71.1,High Risk,75,71.1,71.1
140252,NORTHWEST COMMUNITY HOSPITAL 1,IL,Midwest,4,Non-Profit,6,39.4,Medium Risk,50,39.4,39.4
140258,ALEXIAN BROTHERS MEDICAL CENTER 1,IL,Midwest,5,Non-Profit,6,31.3,Medium Risk,66.7,31.3,31.3
140275,GENESIS HLTH SYSTEM DBA GENESIS MDL CTR-ILLINI,IL,Midwest,2,Government,5,54.7,Medium-High Risk,0,54.7,54.7
140276,LOYOLA UNIVERSITY MEDICAL CENTER,IL,Midwest,3,Non-Profit,6,48.1,Medium Risk,66.7,48.1,48.1
140280,TRINITY ROCK ISLAND,IL,Midwest,2,Non-Profit,6,56.9,Medium-High Risk,33.3,56.9,56.9
140281,NORTHWESTERN MEMORIAL HOSPITAL,IL,Midwest,5,Non-Profit,6,31.3,Medium Risk,33.3,31.3,31.3
140286,NORTHWESTERN MEDICINE KISHWAUKEE HOSPITAL,IL,Midwest,5,Non-Profit,4,31.3,Medium Risk,25,31.3,31.3
140288,ADVOCATE GOOD SAMARITAN HOSPITAL,IL,Midwest,3,Non-Profit,6,48.1,Medium Risk,83.3,48.1,48.1
140289,ANDERSON HOSPITAL,IL,Midwest,4,Non-Profit,4,39.4,Medium Risk,50,39.4,39.4
140290,ST ALEXIUS MEDICAL CENTER,IL,Midwest,4,Non-Profit,5,39.4,Medium Risk,40,39.4,39.4
140291,ADVOCATE GOOD SHEPHERD HOSPITAL,IL,Midwest,4,Non-Profit,6,39.4,Medium Risk,66.7,39.4,39.4
140292,UCHICAGO MEDICINE ADVENTHEALTH GLENOAKS,IL,Midwest,3,Non-Profit,4,48.1,Medium Risk,75,48.1,48.1
140304,UCHICAGO MEDICINE ADVENTHEALTH BOLINGBROOK,IL,Midwest,4,Non-Profit,4,39.4,Medium Risk,75,39.4,39.4
150001,JOHNSON MEMORIAL HOSPITAL,IN,Midwest,4,Government,4,37.3,Medium Risk,0,37.3,37.3
150002,METHODIST HOSPITALS INC,IN,Midwest,1,Non-Profit,4,65.3,Medium-High Risk,100,65.3,65.3
150005,HENDRICKS REGIONAL HEALTH,IN,Midwest,5,Government,5,29.5,Low-Medium Risk,0,29.5,29.5
150006,NORTHWEST HEALTH-LA PORTE,IN,Midwest,3,Non-Profit,4,48.1,Medium Risk,75,48.1,48.1
150007,COMMUNITY HOWARD REGIONAL HEALTH INC.,IN,Midwest,4,Non-Profit,5,39.4,Medium Risk,0,39.4,39.4
150008,ST CATHERINE HOSPITAL INC,IN,Midwest,3,Non-Profit,3,48.1,Medium Risk,33.3,48.1,48.1
150009,CLARK MEMORIAL HOSPITAL,IN,Midwest,2,Non-Profit,4,56.9,Medium-High Risk,50,56.9,56.9
150010,ASCENSION ST VINCENT KOKOMO,IN,Midwest,4,Non-Profit,4,39.4,Medium Risk,25,39.4,39.4
150011,MARION GENERAL HOSPITAL,IN,Midwest,3,Non-Profit,4,48.1,Medium Risk,50,48.1,48.1
150012,SAINT JOSEPH REGIONAL MEDICAL CENTER,IN,Midwest,2,Non-Profit,6,56.9,Medium-High Risk,16.7,56.9,56.9
150015,FRANCISCAN HEALTH MICHIGAN CITY,IN,Midwest,3,Non-Profit,5,48.1,Medium Risk,100,48.1,48.1
150017,LUTHERAN HOSPITAL OF INDIANA,IN,Midwest,3,For-Profit,5,54.8,Medium-High Risk,20,54.8,54.8
150018,ELKHART GENERAL HOSPITAL,IN,Midwest,4,Government,6,37.3,Medium Risk,33.3,37.3,37.3
150021,PARKVIEW REGIONAL MEDICAL CENTER,IN,Midwest,3,Non-Profit,5,48.1,Medium Risk,40,48.1,48.1
150022,FRANCISCAN HEALTH CRAWFORDSVILLE,IN,Midwest,5,Non-Profit,3,31.3,Medium Risk,33.3,31.3,31.3
150023,UNION HOSPITAL INC,IN,Midwest,3,Non-Profit,6,48.1,Medium Risk,50,48.1,48.1
150024,ESKENAZI HEALTH,IN,Midwest,3,Government,4,45.9,Medium Risk,100,45.9,45.9
150026,GOSHEN HOSPITAL,IN,Midwest,3,Non-Profit,4,48.1,Medium Risk,25,48.1,48.1
150030,HENRY COUNTY MEMORIAL HOSPITAL,IN,Midwest,4,Government,4,37.3,Medium Risk,75,37.3,37.3
150034,ST MARY MEDICAL CENTER INC,IN,Midwest,4,Non-Profit,6,39.4,Medium Risk,66.7,39.4,39.4
150035,NORTHWEST HEALTH - PORTER,IN,Midwest,3,For-Profit,6,54.8,Medium-High Risk,66.7,54.8,54.8
150037,HANCOCK REGIONAL HOSPITAL,IN,Midwest,3,Government,4,45.9,Medium Risk,50,45.9,45.9
150042,GOOD SAMARITAN HOSPITAL,IN,Midwest,3,Non-Profit,5,48.1,Medium Risk,80,48.1,48.1
150044,BAPTIST HEALTH FLOYD,IN,Midwest,2,Non-Profit,6,56.9,Medium-High Risk,66.7,56.9,56.9
150046,TERRE HAUTE REGIONAL HOSPITAL,IN,Midwest,3,For-Profit,6,54.8,Medium-High Risk,83.3,54.8,54.8
150048,REID HEALTH,IN,Midwest,4,Non-Profit,6,39.4,Medium Risk,83.3,39.4,39.4
150051,INDIANA UNIVERSITY HEALTH BLOOMINGTON HOSPITAL,IN,Midwest,4,Non-Profit,6,39.4,Medium Risk,0,39.4,39.4
150056,INDIANA UNIVERSITY HEALTH,IN,Midwest,3,Non-Profit,6,48.1,Medium Risk,50,48.1,48.1
150057,FRANCISCAN HEALTH MOORESVILLE,IN,Midwest,5,Non-Profit,4,31.3,Medium Risk,0,31.3,31.3
150058,MEMORIAL HOSPITAL OF SOUTH BEND,IN,Midwest,3,Non-Profit,6,48.1,Medium Risk,33.3,48.1,48.1
150059,RIVERVIEW HEALTH,IN,Midwest,3,Government,4,45.9,Medium Risk,25,45.9,45.9
150061,DAVIESS COMMUNITY HOSPITAL,IN,Midwest,3,Government,3,45.9,Medium Risk,33.3,45.9,45.9
150065,SCHNECK MEDICAL CENTER,IN,Midwest,5,Government,4,29.5,Low-Medium Risk,0,29.5,29.5
150069,NORTON-KING'S DAUGHTERS' HEALTH,IN,Midwest,3,Non-Profit,3,48.1,Medium Risk,100,48.1,48.1
150072,MEMORIAL HOSPITAL,IN,Midwest,4,Government,3,37.3,Medium Risk,0,37.3,37.3
150074,COMMUNITY HOSPITAL EAST,IN,Midwest,3,Non-Profit,6,48.1,Medium Risk,100,48.1,48.1
150075,BLUFFTON REGIONAL MEDICAL CENTER,IN,Midwest,4,For-Profit,3,46,Medium Risk,33.3,46,46
150076,SAINT JOSEPH REGIONAL MEDICAL CENTER - PLYMOUTH,IN,Midwest,2,Non-Profit,3,56.9,Medium-High Risk,0,56.9,56.9
150082,DEACONESS HOSPITAL INC,IN,Midwest,2,Non-Profit,6,56.9,Medium-High Risk,66.7,56.9,56.9
150084,ASCENSION ST VINCENT HOSPITAL,IN,Midwest,4,Non-Profit,6,39.4,Medium Risk,50,39.4,39.4
150086,ST ELIZABETH DEARBORN HOSPITAL,IN,Midwest,5,Government,4,29.5,Low-Medium Risk,75,29.5,29.5
150088,ASCENSION ST VINCENT ANDERSON,IN,Midwest,3,Non-Profit,4,48.1,Medium Risk,100,48.1,48.1
150089,INDIANA UNIVERSITY HEALTH BALL MEMORIAL HOSPITAL,IN,Midwest,3,Non-Profit,6,48.1,Medium Risk,66.7,48.1,48.1
150090,FRANCISCAN HEALTH DYER,IN,Midwest,2,Non-Profit,4,56.9,Medium-High Risk,75,56.9,56.9
150097,MAJOR HOSPITAL,IN,Midwest,4,Government,3,37.3,Medium Risk,33.3,37.3,37.3
150100,ASCENSION ST VINCENT EVANSVILLE,IN,Midwest,4,Non-Profit,6,39.4,Medium Risk,16.7,39.4,39.4
150101,PARKVIEW WHITLEY HOSPITAL,IN,Midwest,5,Non-Profit,2,31.3,Medium Risk,50,31.3,31.3
150104,WITHAM HEALTH SERVICES,IN,Midwest,4,Government,5,37.3,Medium Risk,40,37.3,37.3
150109,FRANCISCAN HEALTH LAFAYETTE,IN,Midwest,3,Non-Profit,6,48.1,Medium Risk,50,48.1,48.1
150112,COLUMBUS REGIONAL HOSPITAL,IN,Midwest,4,Government,6,37.3,Medium Risk,66.7,37.3,37.3
150113,COMMUNITY HOSPITAL OF ANDERSON AND MADISON COUNTY,IN,Midwest,3,Non-Profit,5,48.1,Medium Risk,40,48.1,48.1
150115,MEMORIAL HOSPITAL AND HEALTH CARE CENTER,IN,Midwest,4,Non-Profit,5,39.4,Medium Risk,40,39.4,39.4
150125,COMMUNITY HOSPITAL,IN,Midwest,2,Non-Profit,6,56.9,Medium-High Risk,83.3,56.9,56.9
150126,FRANCISCAN HEALTH CROWN POINT,IN,Midwest,2,Non-Profit,6,56.9,Medium-High Risk,33.3,56.9,56.9
150128,"COMMUNITY HOSPITAL SOUTH, INC.",IN,Midwest,2,Non-Profit,5,56.9,Medium-High Risk,60,56.9,56.9
150133,KOSCIUSKO COMMUNITY HOSPITAL,IN,Midwest,2,For-Profit,3,63.4,Medium-High Risk,66.7,63.4,63.4
150146,PARKVIEW NOBLE HOSPITAL,IN,Midwest,3,Non-Profit,3,48.1,Medium Risk,66.7,48.1,48.1
150150,DUPONT HOSPITAL LLC,IN,Midwest,4,For-Profit,3,46,Medium Risk,33.3,46,46
150153,ST VINCENT HEART CENTER,IN,Midwest,5,For-Profit,3,37.4,Medium Risk,0,37.4,37.4
150157,ASCENSION ST VINCENT CARMEL,IN,Midwest,4,Non-Profit,3,39.4,Medium Risk,0,39.4,39.4
150158,IU HEALTH WEST HOSPITAL,IN,Midwest,4,For-Profit,5,46,Medium Risk,20,46,46
150161,INDIANA UNIVERSITY HEALTH NORTH HOSPITAL,IN,Midwest,5,Non-Profit,5,31.3,Medium Risk,20,31.3,31.3
150162,FRANCISCAN HEALTH INDIANAPOLIS,IN,Midwest,2,Non-Profit,6,56.9,Medium-High Risk,83.3,56.9,56.9
150165,FRANCISCAN HEALTH MUNSTER,IN,Midwest,4,Non-Profit,5,39.4,Medium Risk,60,39.4,39.4
150169,COMMUNITY HOSPITAL NORTH,IN,Midwest,4,Non-Profit,4,39.4,Medium Risk,25,39.4,39.4
150173,INDIANA UNIVERSITY HEALTH ARNETT HOSPITAL,IN,Midwest,4,Non-Profit,6,39.4,Medium Risk,33.3,39.4,39.4
160016,TRINITY REGIONAL MEDICAL CENTER,IA,Midwest,3,Non-Profit,4,48.1,Medium Risk,0,48.1,48.1
160028,CHI HEALTH MERCY COUNCIL BLUFFS,IA,Midwest,4,Non-Profit,3,39.4,Medium Risk,66.7,39.4,39.4
160029,UNIVERSITY OF IOWA HEALTH CARE MEDICAL CENTER DOWN,IA,Midwest,3,Non-Profit,5,48.1,Medium Risk,40,48.1,48.1
160030,MARY GREELEY MEDICAL CENTER,IA,Midwest,4,Government,5,37.3,Medium Risk,0,37.3,37.3
160033,GENESIS MEDICAL CENTER-DAVENPORT,IA,Midwest,3,Non-Profit,6,48.1,Medium Risk,50,48.1,48.1
160045,ST LUKES HOSPITAL,IA,Midwest,4,Non-Profit,6,39.4,Medium Risk,50,39.4,39.4
160047,METHODIST JENNIE EDMUNDSON,IA,Midwest,3,Non-Profit,5,48.1,Medium Risk,40,48.1,48.1
160057,SOUTHEAST IOWA REGIONAL MEDICAL CENTER,IA,Midwest,4,Non-Profit,5,39.4,Medium Risk,20,39.4,39.4
160058,UNIVERSITY OF IOWA HOSPITAL & CLINICS,IA,Midwest,3,Government,6,45.9,Medium Risk,50,45.9,45.9
160064,MERCYONE NORTH IOWA MEDICAL CENTER,IA,Midwest,3,Non-Profit,6,48.1,Medium Risk,66.7,48.1,48.1
160067,MERCYONE WATERLOO MEDICAL CENTER,IA,Midwest,4,Non-Profit,5,39.4,Medium Risk,0,39.4,39.4
160069,MERCYONE DUBUQUE MEDICAL CENTER,IA,Midwest,5,Non-Profit,4,31.3,Medium Risk,0,31.3,31.3
160079,MERCY MEDICAL CENTER - CEDAR RAPIDS,IA,Midwest,4,Non-Profit,6,39.4,Medium Risk,16.7,39.4,39.4
160080,MERCYONE CLINTON MEDICAL CENTER,IA,Midwest,3,Non-Profit,4,48.1,Medium Risk,25,48.1,48.1
160082,UNITYPOINT HEALTH - DES MOINES IOWA METHODIST MEDI,IA,Midwest,3,Non-Profit,6,48.1,Medium Risk,16.7,48.1,48.1
160083,MERCYONE DES MOINES MEDICAL CENTER,IA,Midwest,3,Non-Profit,6,48.1,Medium Risk,16.7,48.1,48.1
160089,OTTUMWA REGIONAL HEALTH CENTER,IA,Midwest,2,For-Profit,4,63.4,Medium-High Risk,0,63.4,63.4
160104,TRINITY - BETTENDORF,IA,Midwest,3,Non-Profit,5,48.1,Medium Risk,40,48.1,48.1
160110,ALLEN HOSPITAL,IA,Midwest,4,Non-Profit,6,39.4,Medium Risk,33.3,39.4,39.4
160112,SPENCER MUNICIPAL HOSPITAL,IA,Midwest,5,Government,4,29.5,Low-Medium Risk,25,29.5,29.5
160117,FINLEY HOSPITAL,IA,Midwest,5,Non-Profit,5,31.3,Medium Risk,0,31.3,31.3
160124,LAKES REGIONAL HEALTHCARE,IA,Midwest,3,Government,4,45.9,Medium Risk,75,45.9,45.9
160146,ST LUKES REGIONAL MEDICAL CENTER,IA,Midwest,2,Non-Profit,4,56.9,Medium-High Risk,0,56.9,56.9
160147,GRINNELL REGIONAL MEDICAL CENTER,IA,Midwest,4,Non-Profit,3,39.4,Medium Risk,33.3,39.4,39.4
160153,MERCYONE SIOUXLAND MEDICAL CENTER,IA,Midwest,1,Non-Profit,6,65.3,Medium-High Risk,50,65.3,65.3
170006,VIA CHRISTI HOSPITAL PITTSBURG INC,KS,Midwest,3,Non-Profit,5,48.1,Medium Risk,80,48.1,48.1
170012,SALINA REGIONAL HEALTH CENTER,KS,Midwest,3,Non-Profit,6,48.1,Medium Risk,0,48.1,48.1
170013,HAYS MEDICAL CENTER,KS,Midwest,5,Non-Profit,6,31.3,Medium Risk,16.7,31.3,31.3
170014,ADVENTHEALTH OTTAWA,KS,Midwest,2,Government,3,54.7,Medium-High Risk,66.7,54.7,54.7
170016,UNIVERSITY OF KANSAS HEALTH SYSTEM - ST FRANCIS CAMPUS,KS,Midwest,2,Non-Profit,6,56.9,Medium-High Risk,33.3,56.9,56.9
170017,SUSAN B ALLEN MEMORIAL HOSPITAL,KS,Midwest,2,Non-Profit,2,56.9,Medium-High Risk,50,56.9,56.9
170020,HUTCHINSON REGIONAL MEDICAL CENTER INC,KS,Midwest,3,Non-Profit,6,48.1,Medium Risk,33.3,48.1,48.1
170023,CENTURA ST. CATHERINE HOSPITAL-GARDEN CITY,KS,Midwest,2,Non-Profit,5,56.9,Medium-High Risk,80,56.9,56.9
170027,PRATT REGIONAL MEDICAL CENTER,KS,Midwest,5,For-Profit,3,37.4,Medium Risk,0,37.4,37.4
170040,UNIVERSITY OF KANSAS HOSPITAL,KS,Midwest,5,Government,5,29.5,Low-Medium Risk,20,29.5,29.5
170049,OLATHE MEDICAL CENTER,KS,Midwest,4,Non-Profit,6,39.4,Medium Risk,16.7,39.4,39.4
170068,SOUTHWEST MEDICAL CENTER,KS,Midwest,1,Government,4,63.3,Medium-High Risk,75,63.3,63.3
170086,STORMONT VAIL HOSPITAL,KS,Midwest,3,Non-Profit,6,48.1,Medium Risk,16.7,48.1,48.1
170103,NMC HEALTH,KS,Midwest,4,Non-Profit,5,39.4,Medium Risk,20,39.4,39.4
170104,ADVENTHEALTH SHAWNEE MISSION,KS,Midwest,4,Non-Profit,6,39.4,Medium Risk,0,39.4,39.4
170120,LABETTE HEALTH,KS,Midwest,2,Government,4,54.7,Medium-High Risk,25,54.7,54.7
170122,"ASCENSION VIA CHRISTI HOSPITALS WICHITA, INC.",KS,Midwest,3,Non-Profit,6,48.1,Medium Risk,16.7,48.1,48.1
170123,WESLEY MEDICAL CENTER,KS,Midwest,5,For-Profit,6,37.4,Medium Risk,0,37.4,37.4
170137,LMH,KS,Midwest,4,Government,5,37.3,Medium Risk,0,37.3,37.3
170142,"ASCENSION VIA CHRISTI HOSPITAL MANHATTAN, INC",KS,Midwest,4,Non-Profit,5,39.4,Medium Risk,0,39.4,39.4
170146,PROVIDENCE MEDICAL CENTER,KS,Midwest,3,Non-Profit,5,48.1,Medium Risk,80,48.1,48.1
170175,CENTURA ST. CATHERINE-DODGE CITY,KS,Midwest,2,For-Profit,3,63.4,Medium-High Risk,0,63.4,63.4
170176,OVERLAND PARK REG MED CTR,KS,Midwest,4,For-Profit,6,46,Medium Risk,50,46,46
170182,MENORAH MEDICAL CENTER,KS,Midwest,3,For-Profit,5,54.8,Medium-High Risk,80,54.8,54.8
170185,SAINT LUKE'S SOUTH HOSPITAL,KS,Midwest,5,Non-Profit,5,31.3,Medium Risk,20,31.3,31.3
170186,KANSAS HEART HOSPITAL,KS,Midwest,4,For-Profit,3,46,Medium Risk,0,46,46
170191,UNIVERSITY  OF KS HLTH SYSTEM GREAT BEND CAMPUS,KS,Midwest,3,Government,3,45.9,Medium Risk,0,45.9,45.9
170197,KANSAS MEDICAL CENTER LLC,KS,Midwest,3,For-Profit,5,54.8,Medium-High Risk,40,54.8,54.8
170200,"VIA CHRISTI HOSPITAL WICHITA ST TERESA, INC",KS,Midwest,4,Non-Profit,4,39.4,Medium Risk,0,39.4,39.4
180001,ST ELIZABETH FT THOMAS,KY,South,3,Non-Profit,3,49.7,Medium Risk,66.7,49.7,49.7
180002,WHITESBURG ARH HOSPITAL,KY,South,3,Non-Profit,3,49.7,Medium Risk,66.7,49.7,49.7
180004,OWENSBORO HEALTH MUHLENBERG COMMUNITY HOSPITAL,KY,South,3,Non-Profit,3,49.7,Medium Risk,100,49.7,49.7
180005,HIGHLANDS ARH REGIONAL MEDICAL CENTER,KY,South,2,For-Profit,4,64.9,Medium-High Risk,75,64.9,64.9
180009,KING'S DAUGHTERS' MEDICAL CENTER,KY,South,4,Non-Profit,6,41,Medium Risk,50,41,41
180010,SAINT JOSEPH HOSPITAL,KY,South,3,Non-Profit,6,49.7,Medium Risk,66.7,49.7,49.7
180011,SAINT JOSEPH LONDON,KY,South,4,Non-Profit,5,41,Medium Risk,20,41,41
180012,BAPTIST HEALTH HARDIN,KY,South,3,Government,5,47.5,Medium Risk,60,47.5,47.5
180013,THE MEDICAL CENTER (BOWLING GREEN),KY,South,2,Non-Profit,5,58.5,Medium-High Risk,20,58.5,58.5
180017,T J SAMSON COMMUNITY HOSPITAL,KY,South,3,Non-Profit,5,49.7,Medium Risk,40,49.7,49.7
180018,ST CLAIRE REGIONAL MEDICAL CENTER,KY,South,3,Government,4,47.5,Medium Risk,75,47.5,47.5
180019,MEADOWVIEW REGIONAL MEDICAL CENTER,KY,South,5,For-Profit,3,38.9,Medium Risk,0,38.9,38.9
180020,MIDDLESBORO ARH HOSPITAL,KY,South,2,Non-Profit,2,58.5,Medium-High Risk,0,58.5,58.5
180024,SPRING VIEW HOSPITAL,KY,South,4,For-Profit,4,47.6,Medium Risk,25,47.6,47.6
180025,CHI SAINT JOSEPH FLAGET MEMORIAL HOSPITAL,KY,South,2,Non-Profit,3,58.5,Medium-High Risk,33.3,58.5,58.5
180027,MURRAY-CALLOWAY COUNTY HOSPITAL,KY,South,1,Non-Profit,5,66.8,Medium-High Risk,40,66.8,66.8
180029,HAZARD ARH REGIONAL MEDICAL CENTER,KY,South,1,Non-Profit,5,66.8,Medium-High Risk,80,66.8,66.8
180035,ST ELIZABETH EDGEWOOD,KY,South,5,Non-Profit,6,32.8,Medium Risk,66.7,32.8,32.8
180038,OWENSBORO HEALTH REGIONAL HOSPITAL,KY,South,3,Non-Profit,6,49.7,Medium Risk,33.3,49.7,49.7
180040,JEWISH HOSPITAL & ST MARY'S HEALTHCARE,KY,South,2,Non-Profit,6,58.5,Medium-High Risk,66.7,58.5,58.5
180044,PIKEVILLE MEDICAL CENTER,KY,South,1,Non-Profit,5,66.8,Medium-High Risk,80,66.8,66.8
180045,ST ELIZABETH FLORENCE,KY,South,4,Non-Profit,3,41,Medium Risk,100,41,41
180046,BOURBON COMMUNITY HOSPITAL,KY,South,5,For-Profit,3,38.9,Medium Risk,0,38.9,38.9
180048,EPHRAIM MCDOWELL REGIONAL MEDICAL CENTER,KY,South,2,Non-Profit,4,58.5,Medium-High Risk,50,58.5,58.5
180049,BAPTIST HEALTH RICHMOND,KY,South,4,Non-Profit,4,41,Medium Risk,0,41,41
180050,HARLAN ARH HOSPITAL,KY,South,2,Non-Profit,3,58.5,Medium-High Risk,100,58.5,58.5
180051,JENNIE STUART MEDICAL CENTER,KY,South,1,Non-Profit,4,66.8,Medium-High Risk,75,66.8,66.8
180056,DEACONESS HENDERSON HOSPITAL,KY,South,2,Non-Profit,3,58.5,Medium-High Risk,66.7,58.5,58.5
180067,UNIVERSITY OF KENTUCKY HOSPITAL,KY,South,3,Government,5,47.5,Medium Risk,0,47.5,47.5
180069,TUG VALLEY ARH REGIONAL MEDICAL CENTER,KY,South,1,For-Profit,3,72.5,High Risk,100,72.5,72.5
180070,OWENSBORO HEALTH TWIN LAKES MEDICAL CENTER,KY,South,2,Non-Profit,3,58.5,Medium-High Risk,33.3,58.5,58.5
180078,PAINTSVILLE ARH HOSPITAL,KY,South,1,For-Profit,3,72.5,High Risk,100,72.5,72.5
180079,HARRISON MEMORIAL HOSPITAL,KY,South,3,Non-Profit,4,49.7,Medium Risk,0,49.7,49.7
180080,BAPTIST HEALTH CORBIN,KY,South,3,Non-Profit,4,49.7,Medium Risk,25,49.7,49.7
180087,TAYLOR REGIONAL HOSPITAL,KY,South,2,Government,4,56.3,Medium-High Risk,25,56.3,56.3
180088,"NORTON HOSPITALS, INC",KY,South,2,Non-Profit,6,58.5,Medium-High Risk,83.3,58.5,58.5
180092,CLARK REGIONAL MEDICAL CENTER,KY,South,3,For-Profit,4,56.4,Medium-High Risk,75,56.4,56.4
180093,BAPTIST HEALTH DEACONESS MADISONVILLE,KY,South,3,Non-Profit,5,49.7,Medium Risk,0,49.7,49.7
180102,MERCY HEALTH - LOURDES HOSPITAL,KY,South,2,Non-Profit,6,58.5,Medium-High Risk,83.3,58.5,58.5
180103,BAPTIST HEALTH LEXINGTON,KY,South,4,Non-Profit,6,41,Medium Risk,50,41,41
180104,BAPTIST HEALTH PADUCAH,KY,South,5,Non-Profit,5,32.8,Medium Risk,0,32.8,32.8
180105,MONROE COUNTY MEDICAL CENTER,KY,South,1,Non-Profit,3,66.8,Medium-High Risk,100,66.8,66.8
180115,"ROCKCASTLE COUNTY HOSPITAL, INC.",KY,South,1,Non-Profit,3,66.8,Medium-High Risk,100,66.8,66.8
180116,JACKSON PURCHASE MEDICAL CENTER,KY,South,2,Government,4,56.3,Medium-High Risk,75,56.3,56.3
180124,TRISTAR GREENVIEW REGIONAL HOSPITAL,KY,South,3,For-Profit,5,56.4,Medium-High Risk,80,56.4,56.4
180127,FRANKFORT REGIONAL MEDICAL CENTER,KY,South,1,For-Profit,4,72.5,High Risk,75,72.5,72.5
180128,THREE RIVERS MEDICAL CENTER,KY,South,3,For-Profit,3,56.4,Medium-High Risk,33.3,56.4,56.4
180130,BAPTIST HEALTH LOUISVILLE,KY,South,3,Non-Profit,6,49.7,Medium Risk,33.3,49.7,49.7
180132,LAKE CUMBERLAND REGIONAL HOSPITAL,KY,South,2,For-Profit,4,64.9,Medium-High Risk,50,64.9,64.9
180138,BAPTIST HEALTH LAGRANGE,KY,South,4,Non-Profit,3,41,Medium Risk,33.3,41,41
180139,KENTUCKY RIVER MEDICAL CENTER,KY,South,1,Non-Profit,3,66.8,Medium-High Risk,100,66.8,66.8
180141,UNIVERSITY OF LOUISVILLE HOSPITAL,KY,South,1,Non-Profit,3,66.8,Medium-High Risk,66.7,66.8,66.8
180143,SAINT JOSEPH EAST,KY,South,3,Non-Profit,4,49.7,Medium Risk,50,49.7,49.7
190002,OCHSNER LAFAYETTE GENERAL MEDICAL CENTER,LA,South,3,Non-Profit,6,49.7,Medium Risk,33.3,49.7,49.7
190004,THIBODAUX REGIONAL MEDICAL CENTER,LA,South,3,Non-Profit,5,49.7,Medium Risk,20,49.7,49.7
190005,UNIVERSITY MEDICAL CENTER NEW ORLEANS,LA,South,2,Non-Profit,3,58.5,Medium-High Risk,33.3,58.5,58.5
190006,OCHSNER UNIVERSITY HOSPITAL AND CLINICS,LA,South,1,Non-Profit,2,66.8,Medium-High Risk,100,66.8,66.8
190007,NATCHITOCHES REGIONAL MEDICAL CENTER,LA,South,3,Government,3,47.5,Medium Risk,66.7,47.5,47.5
190008,TERREBONNE GENERAL MEDICAL CENTER - PARISH,LA,South,4,Government,6,38.8,Medium Risk,33.3,38.8,38.8
190011,OCHSNER LSU HEALTH MONROE,LA,South,3,Non-Profit,2,49.7,Medium Risk,0,49.7,49.7
190013,WEST CALCASIEU CAMERON HOSPITAL,LA,South,3,Government,4,47.5,Medium Risk,25,47.5,47.5
190014,OCHSNER ST MARY,LA,South,2,Non-Profit,3,58.5,Medium-High Risk,66.7,58.5,58.5
190015,NORTH OAKS MEDICAL CENTER,LA,South,2,Government,5,56.3,Medium-High Risk,80,56.3,56.3
190017,OPELOUSAS GENERAL HEALTH SYSTEM,LA,South,3,Non-Profit,5,49.7,Medium Risk,40,49.7,49.7
190019,CHRISTUS ST FRANCES CABRINI HOSPITAL,LA,South,1,Non-Profit,5,66.8,Medium-High Risk,80,66.8,66.8
190020,LANE REGIONAL MEDICAL CENTER,LA,South,3,Government,5,47.5,Medium Risk,60,47.5,47.5
190026,RAPIDES REGIONAL MEDICAL CENTER,LA,South,2,For-Profit,5,64.9,Medium-High Risk,40,64.9,64.9
190027,CHRISTUS OCHSNER ST PATRICK HOSPITAL,LA,South,3,Non-Profit,5,49.7,Medium Risk,60,49.7,49.7
190034,ABBEVILLE GENERAL HOSPITAL,LA,South,3,Government,2,47.5,Medium Risk,0,47.5,47.5
190036,OCHSNER MEDICAL CENTER ACUTE,LA,South,4,Non-Profit,6,41,Medium Risk,50,41,41
190039,WEST JEFFERSON MEDICAL CENTER,LA,South,3,Non-Profit,4,49.7,Medium Risk,50,49.7,49.7
190040,SLIDELL MEMORIAL HOSPITAL,LA,South,3,Government,5,47.5,Medium Risk,80,47.5,47.5
190041,CHRISTUS SHREVEPORT-BOSSIER HEALTH SYSTEM,LA,South,2,Non-Profit,6,58.5,Medium-High Risk,66.7,58.5,58.5
190044,ACADIA GENERAL HOSPITAL,LA,South,3,Non-Profit,4,49.7,Medium Risk,0,49.7,49.7
190045,ST TAMMANY PARISH HOSPITAL,LA,South,4,Government,5,38.8,Medium Risk,20,38.8,38.8
190046,TOURO INFIRMARY,LA,South,3,Non-Profit,6,49.7,Medium Risk,50,49.7,49.7
190050,BEAUREGARD MEMORIAL HOSPITAL,LA,South,4,Government,3,38.8,Medium Risk,66.7,38.8,38.8
190053,OCHSNER AMERICAN LEGION HOSPITAL,LA,South,1,Non-Profit,3,66.8,Medium-High Risk,100,66.8,66.8
190054,IBERIA MEDICAL CENTER,LA,South,2,Non-Profit,5,58.5,Medium-High Risk,20,58.5,58.5
190060,LAKE CHARLES MEMORIAL HOSPITAL,LA,South,4,Non-Profit,5,41,Medium Risk,20,41,41
190064,OUR LADY OF THE LAKE REGIONAL MEDICAL CENTER,LA,South,4,Non-Profit,5,41,Medium Risk,0,41,41
190065,BATON ROUGE GENERAL MEDICAL CENTER,LA,South,4,Non-Profit,6,41,Medium Risk,16.7,41,41
190086,NORTHERN LOUISIANA MEDICAL CENTER,LA,South,4,For-Profit,4,47.6,Medium Risk,50,47.6,47.6
190098,OCHSNER LSU HEALTH SHREVEPORT,LA,South,2,Non-Profit,4,58.5,Medium-High Risk,25,58.5,58.5
190099,AVOYELLES HOSPITAL,LA,South,2,For-Profit,3,64.9,Medium-High Risk,66.7,64.9,64.9
190102,"OUR LADY OF LOURDES REGIONAL MEDICAL CENTER, INC",LA,South,3,Non-Profit,5,49.7,Medium Risk,40,49.7,49.7
190111,WILLIS KNIGHTON MEDICAL CENTER,LA,South,3,Non-Profit,6,49.7,Medium Risk,66.7,49.7,49.7
190125,ST FRANCIS MEDICAL CENTER,LA,South,3,Non-Profit,5,49.7,Medium Risk,20,49.7,49.7
190144,MINDEN MEDICAL CENTER,LA,South,3,For-Profit,3,56.4,Medium-High Risk,66.7,56.4,56.4
190160,GLENWOOD REGIONAL MEDICAL CENTER,LA,South,1,For-Profit,6,72.5,High Risk,83.3,72.5,72.5
190164,BYRD REGIONAL HOSPITAL,LA,South,4,For-Profit,4,47.6,Medium Risk,50,47.6,47.6
190167,MERCY REGIONAL MEDICAL CENTER,LA,South,3,For-Profit,3,56.4,Medium-High Risk,33.3,56.4,56.4
190176,EAST JEFFERSON GENERAL HOSPITAL,LA,South,3,For-Profit,6,56.4,Medium-High Risk,83.3,56.4,56.4
190202,OCHSNER MEDICAL CENTER - BATON ROUGE,LA,South,3,Non-Profit,4,49.7,Medium Risk,75,49.7,49.7
190274,OCHSNER MEDICAL CENTER-KENNER,LA,South,4,Non-Profit,4,41,Medium Risk,25,41,41
190312,OUR LADY OF THE ANGELS HOSPITAL,LA,South,5,Non-Profit,3,32.8,Medium Risk,33.3,32.8,32.8
200001,ST JOSEPH HOSPITAL,ME,Northeast,4,Non-Profit,5,48.6,Medium Risk,60,48.6,48.6
200008,NORTHERN LIGHT HEALTH,ME,Northeast,4,Non-Profit,3,48.6,Medium Risk,33.3,48.6,48.6
200009,MAINE MEDICAL CENTER,ME,Northeast,5,Non-Profit,6,39.9,Medium Risk,16.7,39.9,39.9
200018,NORTHERN LIGHT  A R GOULD HOSPITAL,ME,Northeast,2,Non-Profit,3,65.8,Medium-High Risk,0,65.8,65.8
200020,YORK HOSPITAL,ME,Northeast,3,Non-Profit,4,57.4,Medium-High Risk,0,57.4,57.4
200021,MID COAST HOSPITAL,ME,Northeast,2,Non-Profit,4,65.8,Medium-High Risk,50,65.8,65.8
200024,CENTRAL MAINE MEDICAL CENTER,ME,Northeast,3,Non-Profit,5,57.4,Medium-High Risk,0,57.4,57.4
200031,CARY MEDICAL CENTER,ME,Northeast,3,Government,3,55.2,Medium-High Risk,66.7,55.2,55.2
200033,NORTHERN LIGHT EASTERN MAINE MEDICAL CENTER,ME,Northeast,4,Non-Profit,6,48.6,Medium Risk,0,48.6,48.6
200034,ST MARY'S REGIONAL MEDICAL CENTER,ME,Northeast,3,Non-Profit,2,57.4,Medium-High Risk,0,57.4,57.4
200039,MAINE GENERAL MEDICAL CENTER,ME,Northeast,5,Non-Profit,4,39.9,Medium Risk,25,39.9,39.9
200050,NORTHERN LIGHT MAINE COAST HOSPITAL,ME,Northeast,1,Non-Profit,2,73.2,High Risk,50,73.2,73.2
200052,NORTHERN MAINE MEDICAL CENTER,ME,Northeast,3,Non-Profit,2,57.4,Medium-High Risk,50,57.4,57.4
200063,PENOBSCOT BAY MEDICAL CENTER,ME,Northeast,3,Non-Profit,3,57.4,Medium-High Risk,66.7,57.4,57.4
210001,MERITUS MEDICAL CENTER,MD,Mid-Atlantic,2,Non-Profit,5,61.2,Medium-High Risk,80,61.2,61.2
210002,UNIVERSITY OF MARYLAND MEDICAL CENTER,MD,Mid-Atlantic,3,Non-Profit,5,52.6,Medium-High Risk,40,52.6,52.6
210003,UNIVERSITY OF MD CAPITAL REGION MEDICAL CENTER,MD,Mid-Atlantic,2,Non-Profit,5,61.2,Medium-High Risk,40,61.2,61.2
210004,HOLY CROSS HOSPITAL,MD,Mid-Atlantic,2,Non-Profit,5,61.2,Medium-High Risk,20,61.2,61.2
210005,FREDERICK HEALTH HOSPITAL,MD,Mid-Atlantic,3,Non-Profit,5,52.6,Medium-High Risk,20,52.6,52.6
210008,MERCY MEDICAL CENTER INC,MD,Mid-Atlantic,4,Non-Profit,4,43.7,Medium Risk,75,43.7,43.7
210009,"JOHNS HOPKINS HOSPITAL, THE",MD,Mid-Atlantic,4,Non-Profit,5,43.7,Medium Risk,20,43.7,43.7
210011,SAINT AGNES HOSPITAL,MD,Mid-Atlantic,4,Non-Profit,5,43.7,Medium Risk,40,43.7,43.7
210012,SINAI HOSPITAL OF BALTIMORE,MD,Mid-Atlantic,2,Non-Profit,6,61.2,Medium-High Risk,33.3,61.2,61.2
210015,MEDSTAR FRANKLIN SQUARE MEDICAL CENTER,MD,Mid-Atlantic,3,Non-Profit,5,52.6,Medium-High Risk,40,52.6,52.6
210016,ADVENTIST HEALTHCARE WHITE OAK MEDICAL CENTER,MD,Mid-Atlantic,3,Non-Profit,6,52.6,Medium-High Risk,100,52.6,52.6
210017,GARRETT REGIONAL MEDICAL CENTER,MD,Mid-Atlantic,4,Non-Profit,4,43.7,Medium Risk,25,43.7,43.7
210018,MEDSTAR MONTGOMERY MEDICAL CENTER,MD,Mid-Atlantic,3,Non-Profit,4,52.6,Medium-High Risk,25,52.6,52.6
210019,"TIDALHEALTH PENINSULA REGIONAL, INC",MD,Mid-Atlantic,4,Non-Profit,6,43.7,Medium Risk,0,43.7,43.7
210022,SUBURBAN HOSPITAL,MD,Mid-Atlantic,3,Non-Profit,6,52.6,Medium-High Risk,83.3,52.6,52.6
210023,"LUMINIS HEALTH ANNE ARUNDEL MEDICAL CENTER, INC",MD,Mid-Atlantic,3,Non-Profit,6,52.6,Medium-High Risk,50,52.6,52.6
210024,MEDSTAR UNION MEMORIAL HOSPITAL,MD,Mid-Atlantic,5,Non-Profit,6,35.3,Medium Risk,16.7,35.3,35.3
210027,WESTERN MARYLAND REGIONAL MEDICAL CENTER,MD,Mid-Atlantic,3,Non-Profit,6,52.6,Medium-High Risk,16.7,52.6,52.6
210028,MEDSTAR SAINT MARY'S HOSPITAL,MD,Mid-Atlantic,4,Non-Profit,5,43.7,Medium Risk,20,43.7,43.7
210029,JOHNS HOPKINS BAYVIEW MEDICAL CENTER,MD,Mid-Atlantic,3,Non-Profit,5,52.6,Medium-High Risk,60,52.6,52.6
210032,UNION HOSPITAL OF CECIL COUNTY,MD,Mid-Atlantic,3,Non-Profit,5,52.6,Medium-High Risk,40,52.6,52.6
210033,CARROLL HOSPITAL CENTER,MD,Mid-Atlantic,3,Non-Profit,5,52.6,Medium-High Risk,0,52.6,52.6
210034,MEDSTAR HARBOR HOSPITAL,MD,Mid-Atlantic,4,Non-Profit,4,43.7,Medium Risk,25,43.7,43.7
210035,UNIVERSITY OF MD CHARLES REGIONAL  MEDICAL CENTER,MD,Mid-Atlantic,4,Non-Profit,4,43.7,Medium Risk,25,43.7,43.7
210037,UNIVERSITY OF MD SHORE MEDICAL CENTER AT EASTON,MD,Mid-Atlantic,2,Non-Profit,5,61.2,Medium-High Risk,20,61.2,61.2
210038,UNIVERSITY OF MD MEDICAL CENTER MIDTOWN CAMPUS,MD,Mid-Atlantic,3,Non-Profit,3,52.6,Medium-High Risk,66.7,52.6,52.6
210039,CALVERTHEALTH MEDICAL CENTER,MD,Mid-Atlantic,4,Non-Profit,5,43.7,Medium Risk,40,43.7,43.7
210040,NORTHWEST HOSPITAL CENTER,MD,Mid-Atlantic,2,Non-Profit,5,61.2,Medium-High Risk,100,61.2,61.2
210043,UNIVERSITY OF MD BALTIMORE WASHINGTON MEDICAL CENTER,MD,Mid-Atlantic,3,Non-Profit,4,52.6,Medium-High Risk,0,52.6,52.6
210044,GREATER BALTIMORE MEDICAL CENTER,MD,Mid-Atlantic,4,Non-Profit,4,43.7,Medium Risk,25,43.7,43.7
210048,JOHNS HOPKINS HOWARD COUNTY MEDICAL CENTER,MD,Mid-Atlantic,3,Non-Profit,5,52.6,Medium-High Risk,40,52.6,52.6
210049,UMD UPPER CHESAPEAKE MEDICAL CENTER,MD,Mid-Atlantic,2,Non-Profit,5,61.2,Medium-High Risk,40,61.2,61.2
210051,"LUMINIS HEALTH DOCTORS COMMUNITY MEDICAL CTR, INC",MD,Mid-Atlantic,2,For-Profit,5,67.4,Medium-High Risk,20,67.4,67.4
210056,MEDSTAR GOOD SAMARITAN HOSPITAL,MD,Mid-Atlantic,3,Non-Profit,4,52.6,Medium-High Risk,25,52.6,52.6
210057,ADVENTIST HEALTHCARE SHADY GROVE MEDICAL CENTER,MD,Mid-Atlantic,2,Non-Profit,5,61.2,Medium-High Risk,20,61.2,61.2
210060,ADVENTIST HEALTHCARE FORT WASHINGTON MEDICAL CTR,MD,Mid-Atlantic,2,Non-Profit,4,61.2,Medium-High Risk,50,61.2,61.2
210061,ATLANTIC GENERAL HOSPITAL,MD,Mid-Atlantic,4,Non-Profit,3,43.7,Medium Risk,66.7,43.7,43.7
210062,MEDSTAR SOUTHERN MARYLAND HOSPITAL CENTER,MD,Mid-Atlantic,2,Non-Profit,5,61.2,Medium-High Risk,40,61.2,61.2
210063,UNIVERSITY OF MD ST JOSEPH MEDICAL CENTER,MD,Mid-Atlantic,5,Non-Profit,6,35.3,Medium Risk,50,35.3,35.3
210065,HOLY CROSS GERMANTOWN HOSPITAL,MD,Mid-Atlantic,2,Non-Profit,3,61.2,Medium-High Risk,100,61.2,61.2
220001,UMASS MEMORIAL HEALTHALLIANCE HOSPITALS,MA,Northeast,2,Non-Profit,4,65.8,Medium-High Risk,100,65.8,65.8
220002,MOUNT AUBURN HOSPITAL,MA,Northeast,5,Non-Profit,6,39.9,Medium Risk,33.3,39.9,39.9
220008,STURDY MEMORIAL HOSPITAL,MA,Northeast,4,Non-Profit,4,48.6,Medium Risk,100,48.6,48.6
220010,LAWRENCE GENERAL HOSPITAL,MA,Northeast,2,Non-Profit,5,65.8,Medium-High Risk,60,65.8,65.8
220011,CAMBRIDGE HEALTH ALLIANCE,MA,Northeast,3,Government,4,55.2,Medium-High Risk,0,55.2,55.2
220012,CAPE COD HOSPITAL,MA,Northeast,3,Non-Profit,6,57.4,Medium-High Risk,66.7,57.4,57.4
220015,"COOLEY DICKINSON HOSPITAL INC,THE",MA,Northeast,3,Non-Profit,5,57.4,Medium-High Risk,60,57.4,57.4
220016,BAYSTATE FRANKLIN MEDICAL CENTER,MA,Northeast,4,Non-Profit,3,48.6,Medium Risk,66.7,48.6,48.6
220019,UMASS MEMORIAL HEALTH - HARRINGTON HOSPITAL,MA,Northeast,3,Non-Profit,4,57.4,Medium-High Risk,100,57.4,57.4
220020,SAINT ANNE'S HOSPITAL,MA,Northeast,3,For-Profit,5,63.8,Medium-High Risk,100,63.8,63.8
220024,HOLYOKE MEDICAL CENTER,MA,Northeast,2,Non-Profit,3,65.8,Medium-High Risk,100,65.8,65.8
220029,ANNA JAQUES HOSPITAL,MA,Northeast,4,Non-Profit,4,48.6,Medium Risk,100,48.6,48.6
220030,BAYSTATE WING HOSPITAL,MA,Northeast,4,Non-Profit,4,48.6,Medium Risk,0,48.6,48.6
220031,BOSTON MEDICAL CENTER,MA,Northeast,3,Non-Profit,6,57.4,Medium-High Risk,66.7,57.4,57.4
220033,NORTHEAST HOSPITAL CORPORATION,MA,Northeast,3,Non-Profit,5,57.4,Medium-High Risk,60,57.4,57.4
220035,NORTH SHORE MEDICAL CENTER -,MA,Northeast,5,Non-Profit,5,39.9,Medium Risk,40,39.9,39.9
220036,ST ELIZABETH'S MEDICAL CENTER,MA,Northeast,2,For-Profit,6,71.6,High Risk,66.7,71.6,71.6
220046,BERKSHIRE MEDICAL CENTER,MA,Northeast,3,Non-Profit,5,57.4,Medium-High Risk,20,57.4,57.4
220049,UMASS MEMORIAL HEALTHCARE-MARLBOROUGH HOSPITAL,MA,Northeast,3,Non-Profit,4,57.4,Medium-High Risk,100,57.4,57.4
220052,SIGNATURE HEALTHCARE BROCKTON HOSPITAL,MA,Northeast,2,Non-Profit,5,65.8,Medium-High Risk,60,65.8,65.8
220060,BETH ISRAEL DEACONESS HOSPITAL PLYMOUTH,MA,Northeast,4,Non-Profit,5,48.6,Medium Risk,60,48.6,48.6
220063,LOWELL GENERAL HOSPITAL,MA,Northeast,3,Non-Profit,5,57.4,Medium-High Risk,80,57.4,57.4
220065,BAYSTATE NOBLE HOSPITAL,MA,Northeast,3,Non-Profit,3,57.4,Medium-High Risk,66.7,57.4,57.4
220066,MERCY MEDICAL CTR,MA,Northeast,3,Non-Profit,5,57.4,Medium-High Risk,80,57.4,57.4
220070,MELROSEWAKEFIELD HEALTHCARE,MA,Northeast,2,Non-Profit,5,65.8,Medium-High Risk,100,65.8,65.8
220071,MASSACHUSETTS GENERAL HOSPITAL,MA,Northeast,5,Non-Profit,6,39.9,Medium Risk,33.3,39.9,39.9
220073,MORTON HOSPITAL,MA,Northeast,1,For-Profit,5,78.2,High Risk,80,78.2,78.2
220074,SOUTHCOAST HOSPITALS GROUP,MA,Northeast,3,Non-Profit,6,57.4,Medium-High Risk,33.3,57.4,57.4
220077,BAYSTATE MEDICAL CENTER,MA,Northeast,1,Non-Profit,6,73.2,High Risk,83.3,73.2,73.2
220080,HOLY FAMILY HOSPITAL,MA,Northeast,2,For-Profit,5,71.6,High Risk,80,71.6,71.6
220083,BETH ISRAEL DEACONESS HOSPITAL - NEEDHAM,MA,Northeast,4,Non-Profit,4,48.6,Medium Risk,25,48.6,48.6
220084,EMERSON HOSPITAL -,MA,Northeast,3,Non-Profit,4,57.4,Medium-High Risk,75,57.4,57.4
220086,BETH ISRAEL DEACONESS MEDICAL CENTER,MA,Northeast,4,Non-Profit,6,48.6,Medium Risk,66.7,48.6,48.6
220088,NEW ENGLAND BAPTIST HOSPITAL,MA,Northeast,5,Non-Profit,1,39.9,Medium Risk,0,39.9,39.9
220090,MILFORD REGIONAL MEDICAL CENTER,MA,Northeast,4,Non-Profit,5,48.6,Medium Risk,80,48.6,48.6
220095,HEYWOOD HOSPITAL,MA,Northeast,4,Non-Profit,4,48.6,Medium Risk,75,48.6,48.6
220100,SOUTH SHORE HOSPITAL,MA,Northeast,4,Non-Profit,5,48.6,Medium Risk,60,48.6,48.6
220101,NEWTON-WELLESLEY HOSPITAL,MA,Northeast,5,Non-Profit,5,39.9,Medium Risk,60,39.9,39.9
220105,WINCHESTER HOSPITAL,MA,Northeast,4,Non-Profit,5,48.6,Medium Risk,100,48.6,48.6
220108,BETH ISRAEL DEACONESS HOSPITAL - MILTON,MA,Northeast,4,Government,4,46.4,Medium Risk,75,46.4,46.4
220110,BRIGHAM AND WOMEN'S HOSPITAL,MA,Northeast,5,Non-Profit,6,39.9,Medium Risk,33.3,39.9,39.9
220111,GOOD SAMARITAN MEDICAL CENTER,MA,Northeast,2,For-Profit,5,71.6,High Risk,100,71.6,71.6
220116,TUFTS MEDICAL CENTER,MA,Northeast,3,Non-Profit,6,57.4,Medium-High Risk,100,57.4,57.4
220119,FAULKNER HOSPITAL-BRIGHAM AND WOMEN'S,MA,Northeast,5,Non-Profit,4,39.9,Medium Risk,25,39.9,39.9
220135,FALMOUTH HOSPITAL,MA,Northeast,4,Non-Profit,5,48.6,Medium Risk,40,48.6,48.6
220163,UMASS MEMORIAL MEDICAL CENTER/UNIVERSITY CAMPUS,MA,Northeast,4,Non-Profit,6,48.6,Medium Risk,66.7,48.6,48.6
220171,"LAHEY HOSPITAL & MEDICAL CENTER, BURLINGTON",MA,Northeast,5,Non-Profit,6,39.9,Medium Risk,66.7,39.9,39.9
220175,METROWEST MEDICAL CENTER,MA,Northeast,2,Non-Profit,5,65.8,Medium-High Risk,80,65.8,65.8
220176,ST VINCENT HOSPITAL,MA,Northeast,2,For-Profit,6,71.6,High Risk,100,71.6,71.6
230002,ST JOE MERCY HOSPITAL SYSTEM LIVONIA,MI,Midwest,2,Non-Profit,5,56.9,Medium-High Risk,100,56.9,56.9
230005,PROMEDICA CHARLES AND VIRGINIA HICKMAN HOSPITAL,MI,Midwest,4,Non-Profit,5,39.4,Medium Risk,20,39.4,39.4
230015,THREE RIVERS HEALTH,MI,Midwest,4,Government,4,37.3,Medium Risk,25,37.3,37.3
230017,BRONSON METHODIST HOSPITAL,MI,Midwest,4,Non-Profit,6,39.4,Medium Risk,0,39.4,39.4
230019,"ASCENSION PROVIDENCE HOSPITAL, SOUTHFIELD AND NOVI",MI,Midwest,3,Non-Profit,6,48.1,Medium Risk,50,48.1,48.1
230020,BEAUMONT HOSPITAL - DEARBORN,MI,Midwest,1,Non-Profit,6,65.3,Medium-High Risk,100,65.3,65.3
230021,"LAKELAND HOSPITAL, ST JOSEPH",MI,Midwest,4,Non-Profit,6,39.4,Medium Risk,0,39.4,39.4
230022,PROMEDICA COLDWATER REGIONAL HOSPITAL,MI,Midwest,3,Government,3,45.9,Medium Risk,33.3,45.9,45.9
230024,SINAI-GRACE HOSPITAL,MI,Midwest,1,For-Profit,4,71.1,High Risk,75,71.1,71.1
230029,TRINITY HEALTH OAKLAND HOSPITAL,MI,Midwest,2,Non-Profit,6,56.9,Medium-High Risk,66.7,56.9,56.9
230030,MYMICHIGAN MEDICAL CENTER ALMA,MI,Midwest,3,Non-Profit,3,48.1,Medium Risk,66.7,48.1,48.1
230031,LAKE HURON MEDICAL CENTER,MI,Midwest,4,Non-Profit,5,39.4,Medium Risk,60,39.4,39.4
230035,SPECTRUM HEALTH UNITED HOSPITAL,MI,Midwest,4,Non-Profit,3,39.4,Medium Risk,66.7,39.4,39.4
230036,MYMICHIGAN MEDICAL CENTER ALPENA,MI,Midwest,5,For-Profit,4,37.4,Medium Risk,0,37.4,37.4
230037,HILLSDALE HOSPITAL,MI,Midwest,4,Non-Profit,4,39.4,Medium Risk,50,39.4,39.4
230038,SPECTRUM HEALTH,MI,Midwest,5,Non-Profit,6,31.3,Medium Risk,16.7,31.3,31.3
230041,MCLAREN BAY REGION,MI,Midwest,2,Non-Profit,6,56.9,Medium-High Risk,100,56.9,56.9
230046,UNIVERSITY OF MICHIGAN HEALTH SYSTEM,MI,Midwest,5,Non-Profit,6,31.3,Medium Risk,16.7,31.3,31.3
230047,HENRY FORD MACOMB HOSPITAL,MI,Midwest,2,Non-Profit,6,56.9,Medium-High Risk,0,56.9,56.9
230053,HENRY FORD HEALTH HOSPITAL,MI,Midwest,3,Non-Profit,5,48.1,Medium Risk,100,48.1,48.1
230054,UPHS MARQUETTE DLP HOSPITAL,MI,Midwest,3,Government,6,45.9,Medium Risk,16.7,45.9,45.9
230055,DICKINSON COUNTY MEMORIAL HOSPITAL,MI,Midwest,4,Government,4,37.3,Medium Risk,0,37.3,37.3
230058,MUNSON HEALTHCARE GRAYLING HOSPITAL,MI,Midwest,5,Non-Profit,3,31.3,Medium Risk,0,31.3,31.3
230059,MERCY HEALTH SAINT MARY'S,MI,Midwest,4,Non-Profit,4,39.4,Medium Risk,50,39.4,39.4
230066,TRINITY HEALTH MUSKEGON HOSPITAL,MI,Midwest,2,Non-Profit,6,56.9,Medium-High Risk,16.7,56.9,56.9
230069,SAINT JOSEPH MERCY LIVINGSTON HOSPITAL,MI,Midwest,5,Non-Profit,3,31.3,Medium Risk,0,31.3,31.3
230070,COVENANT MEDICAL CENTER,MI,Midwest,2,Non-Profit,6,56.9,Medium-High Risk,66.7,56.9,56.9
230072,HOLLAND COMMUNITY HOSPITAL,MI,Midwest,5,Non-Profit,5,31.3,Medium Risk,0,31.3,31.3
230075,BRONSON BATTLE CREEK HOSPITAL,MI,Midwest,4,For-Profit,4,46,Medium Risk,50,46,46
230077,ASCENSION ST MARY'S HOSPITAL,MI,Midwest,2,Non-Profit,5,56.9,Medium-High Risk,40,56.9,56.9
230080,MCLAREN CENTRAL MICHIGAN,MI,Midwest,4,Non-Profit,4,39.4,Medium Risk,50,39.4,39.4
230081,MUNSON HEALTHCARE CADILLAC HOSPITAL,MI,Midwest,5,Non-Profit,4,31.3,Medium Risk,25,31.3,31.3
230089,BEAUMONT HOSPITAL - GROSSE POINTE,MI,Midwest,4,Non-Profit,5,39.4,Medium Risk,100,39.4,39.4
230092,HENRY FORD ALLEGIANCE HEALTH,MI,Midwest,4,Non-Profit,6,39.4,Medium Risk,66.7,39.4,39.4
230093,COREWELL HEALTH BIG RAPIDS HOSPITAL,MI,Midwest,4,Non-Profit,3,39.4,Medium Risk,33.3,39.4,39.4
230095,MYMICHIGAN MEDICAL CENTER WEST BRANCH,MI,Midwest,4,Government,3,37.3,Medium Risk,66.7,37.3,37.3
230097,MUNSON MEDICAL CENTER,MI,Midwest,5,Non-Profit,6,31.3,Medium Risk,33.3,31.3,31.3
230099,PROMEDICA MONROE REGIONAL HOSPITAL,MI,Midwest,3,Non-Profit,4,48.1,Medium Risk,100,48.1,48.1
230100,TAWAS ST JOSEPH HOSPITAL,MI,Midwest,3,Government,3,45.9,Medium Risk,66.7,45.9,45.9
230104,HARPER UNIVERSITY HOSPITAL,MI,Midwest,1,For-Profit,6,71.1,High Risk,66.7,71.1,71.1
230105,MCLAREN NORTHERN MICHIGAN,MI,Midwest,4,Non-Profit,6,39.4,Medium Risk,16.7,39.4,39.4
230110,COREWELL HEALTH LUDINGTON HOSPITAL,MI,Midwest,4,Non-Profit,3,39.4,Medium Risk,66.7,39.4,39.4
230117,BORGESS MEDICAL CENTER,MI,Midwest,4,Non-Profit,6,39.4,Medium Risk,0,39.4,39.4
230121,MEMORIAL HEALTHCARE,MI,Midwest,4,Non-Profit,4,39.4,Medium Risk,25,39.4,39.4
230130,BEAUMONT HOSPITAL ROYAL OAK,MI,Midwest,2,Non-Profit,6,56.9,Medium-High Risk,83.3,56.9,56.9
230132,HURLEY MEDICAL CENTER,MI,Midwest,2,Non-Profit,5,56.9,Medium-High Risk,60,56.9,56.9
230133,MUNSON HEALTHCARE OTSEGO MEMORIAL HOSPITAL,MI,Midwest,5,Non-Profit,3,31.3,Medium Risk,66.7,31.3,31.3
230141,MCLAREN FLINT,MI,Midwest,2,Non-Profit,6,56.9,Medium-High Risk,83.3,56.9,56.9
230142,COREWELL HEALTH WAYNE HOSPITAL,MI,Midwest,1,Non-Profit,5,65.3,Medium-High Risk,80,65.3,65.3
230146,HENRY FORD HEALTH WYANDOTTE HOSPITAL,MI,Midwest,3,Non-Profit,4,48.1,Medium Risk,75,48.1,48.1
230151,BEAUMONT HOSPITAL - FARMINGTON HILLS,MI,Midwest,2,Non-Profit,5,56.9,Medium-High Risk,100,56.9,56.9
230156,TRINITY HEALTH ANN ARBOR HOSPITAL,MI,Midwest,4,Non-Profit,6,39.4,Medium Risk,33.3,39.4,39.4
230165,ASCENSION ST JOHN HOSPITAL,MI,Midwest,2,Non-Profit,6,56.9,Medium-High Risk,66.7,56.9,56.9
230167,MCLAREN GREATER LANSING,MI,Midwest,2,Non-Profit,6,56.9,Medium-High Risk,66.7,56.9,56.9
230174,TRINITY HEALTH GRAND HAVEN HOSPITAL,MI,Midwest,3,Government,1,45.9,Medium Risk,100,45.9,45.9
230176,COREWELL HEALTH TRENTON HOSPITAL,MI,Midwest,3,Non-Profit,4,48.1,Medium Risk,100,48.1,48.1
230180,MYMICHIGAN MEDICAL CENTER CLARE,MI,Midwest,4,Non-Profit,3,39.4,Medium Risk,66.7,39.4,39.4
230193,MCLAREN LAPEER REGION,MI,Midwest,2,Non-Profit,5,56.9,Medium-High Risk,20,56.9,56.9
230195,ASCENSION MACOMB OAKLAND HOSP-WARREN CAMPUS,MI,Midwest,2,Non-Profit,5,56.9,Medium-High Risk,80,56.9,56.9
230197,ASCENSION GENESYS HOSPITAL,MI,Midwest,3,Non-Profit,6,48.1,Medium Risk,83.3,48.1,48.1
230207,MCLAREN OAKLAND,MI,Midwest,1,Non-Profit,3,65.3,Medium-High Risk,66.7,65.3,65.3
230208,SPARROW CARSON HOSPITAL,MI,Midwest,5,Non-Profit,3,31.3,Medium Risk,33.3,31.3,31.3
230216,MCLAREN PORT HURON,MI,Midwest,1,Non-Profit,6,65.3,Medium-High Risk,66.7,65.3,65.3
230217,OAKLAWN HOSPITAL,MI,Midwest,4,Non-Profit,3,39.4,Medium Risk,33.3,39.4,39.4
230222,MYMICHIGAN MEDICAL CENTER MIDLAND,MI,Midwest,4,Non-Profit,6,39.4,Medium Risk,50,39.4,39.4
230227,MCLAREN MACOMB,MI,Midwest,2,Non-Profit,5,56.9,Medium-High Risk,80,56.9,56.9
230230,EDWARD W SPARROW HOSPITAL,MI,Midwest,2,Non-Profit,5,56.9,Medium-High Risk,0,56.9,56.9
230236,UNIVERSITY OF MICHIGAN HEALTH - WEST,MI,Midwest,4,Non-Profit,5,39.4,Medium Risk,0,39.4,39.4
230239,CHIPPEWA COUNTY WAR MEMORIAL HOSPITAL,MI,Midwest,2,Non-Profit,4,56.9,Medium-High Risk,25,56.9,56.9
230241,ASCENSION RIVER DISTRICT HOSPITAL,MI,Midwest,4,Government,3,37.3,Medium Risk,33.3,37.3,37.3
230244,GARDEN CITY HOSPITAL,MI,Midwest,3,Non-Profit,5,48.1,Medium Risk,80,48.1,48.1
230254,ASCENSION PROVIDENCE ROCHESTER HOSPITAL,MI,Midwest,3,Non-Profit,6,48.1,Medium Risk,50,48.1,48.1
230259,CHELSEA HOSPITAL,MI,Midwest,5,Non-Profit,4,31.3,Medium Risk,75,31.3,31.3
230269,"BEAUMONT HOSPITAL, TROY",MI,Midwest,3,Non-Profit,6,48.1,Medium Risk,66.7,48.1,48.1
230270,BEAUMONT HOSPITAL - TAYLOR,MI,Midwest,2,Non-Profit,4,56.9,Medium-High Risk,75,56.9,56.9
230273,DETROIT RECEIVING HOSPITAL,MI,Midwest,1,For-Profit,4,71.1,High Risk,100,71.1,71.1
230277,HURON VALLEY-SINAI HOSPITAL,MI,Midwest,3,For-Profit,5,54.8,Medium-High Risk,40,54.8,54.8
230297,KARMANOS CANCER CENTER,MI,Midwest,3,For-Profit,1,54.8,Medium-High Risk,0,54.8,54.8
230302,HENRY FORD HEALTH WEST BLOOMFIELD HOSPITAL,MI,Midwest,3,Non-Profit,4,48.1,Medium Risk,100,48.1,48.1
230303,MUNSON HEALTHCARE MANISTEE HOSPITAL,MI,Midwest,4,Non-Profit,2,39.4,Medium Risk,50,39.4,39.4
240001,NORTH MEMORIAL HEALTH HOSPITAL,MN,Midwest,3,Non-Profit,5,48.1,Medium Risk,80,48.1,48.1
240002,ESSENTIA HEALTH ST MARY'S MEDICAL CENTER,MN,Midwest,5,Non-Profit,5,31.3,Medium Risk,20,31.3,31.3
240004,HENNEPIN COUNTY MEDICAL CENTER,MN,Midwest,2,Government,4,54.7,Medium-High Risk,50,54.7,54.7
240006,OLMSTED MEDICAL CENTER,MN,Midwest,4,Non-Profit,3,39.4,Medium Risk,66.7,39.4,39.4
240010,MAYO CLINIC HOSPITAL ROCHESTER,MN,Midwest,5,Non-Profit,6,31.3,Medium Risk,16.7,31.3,31.3
240014,NORTHFIELD HOSPITAL,MN,Midwest,3,Government,2,45.9,Medium Risk,50,45.9,45.9
240018,MAYO CLINIC HEALTH SYSTEM IN RED WING,MN,Midwest,4,Non-Profit,3,39.4,Medium Risk,33.3,39.4,39.4
240019,ESSENTIA HEALTH DULUTH,MN,Midwest,4,Non-Profit,1,39.4,Medium Risk,0,39.4,39.4
240020,CAMBRIDGE MEDICAL CENTER,MN,Midwest,5,Non-Profit,3,31.3,Medium Risk,33.3,31.3,31.3
240030,ALOMERE HEALTH,MN,Midwest,4,Government,4,37.3,Medium Risk,0,37.3,37.3
240036,ST CLOUD HOSPITAL,MN,Midwest,4,Non-Profit,6,39.4,Medium Risk,33.3,39.4,39.4
240038,ALLINA UNITED HOSPITAL,MN,Midwest,4,Non-Profit,6,39.4,Medium Risk,33.3,39.4,39.4
240043,MAYO CLINIC HEALTH SYSTEM - ALBERT LEA AND AUSTIN,MN,Midwest,5,Non-Profit,4,31.3,Medium Risk,25,31.3,31.3
240044,WINONA HEALTH SERVICES,MN,Midwest,2,Non-Profit,3,56.9,Medium-High Risk,0,56.9,56.9
240047,ST LUKES HOSPITAL,MN,Midwest,3,Non-Profit,6,48.1,Medium Risk,33.3,48.1,48.1
240050,FAIRVIEW LAKES HEALTH SERVICES,MN,Midwest,3,Non-Profit,3,48.1,Medium Risk,66.7,48.1,48.1
240052,LAKE REGION HEALTHCARE CORPORATION,MN,Midwest,5,Non-Profit,3,31.3,Medium Risk,0,31.3,31.3
240053,PARK NICOLLET METHODIST HOSPITAL,MN,Midwest,3,Non-Profit,6,48.1,Medium Risk,100,48.1,48.1
240056,RIDGEVIEW MEDICAL CENTER,MN,Midwest,4,Non-Profit,5,39.4,Medium Risk,0,39.4,39.4
240057,ABBOTT NORTHWESTERN HOSPITAL,MN,Midwest,4,Non-Profit,6,39.4,Medium Risk,16.7,39.4,39.4
240066,LAKEVIEW MEMORIAL HOSPITAL,MN,Midwest,4,Non-Profit,4,39.4,Medium Risk,25,39.4,39.4
240069,OWATONNA HOSPITAL,MN,Midwest,4,Non-Profit,3,39.4,Medium Risk,33.3,39.4,39.4
240075,ESSENTIA HEALTH ST JOSEPH'S MEDICAL CENTER,MN,Midwest,4,Non-Profit,4,39.4,Medium Risk,25,39.4,39.4
240076,BUFFALO HOSPITAL,MN,Midwest,5,Non-Profit,3,31.3,Medium Risk,0,31.3,31.3
240078,M HEALTH FAIRVIEW SOUTHDALE HOSPITAL,MN,Midwest,4,Non-Profit,6,39.4,Medium Risk,16.7,39.4,39.4
240080,M HEALTH FAIRVIEW UNIVERSITY OF MN,MN,Midwest,3,Non-Profit,6,48.1,Medium Risk,33.3,48.1,48.1
240088,CENTRACARE- RICE MEMORIAL HOSPITAL,MN,Midwest,4,Government,2,37.3,Medium Risk,100,37.3,37.3
240093,MAYO CLINIC HEALTH SYSTEM - MANKATO,MN,Midwest,5,Non-Profit,5,31.3,Medium Risk,0,31.3,31.3
240100,SANFORD BEMIDJI MEDICAL CENTER,MN,Midwest,4,Non-Profit,4,39.4,Medium Risk,0,39.4,39.4
240104,ST FRANCIS REGIONAL MEDICAL CENTER,MN,Midwest,4,Non-Profit,4,39.4,Medium Risk,50,39.4,39.4
240106,REGIONS HOSPITAL,MN,Midwest,3,Non-Profit,6,48.1,Medium Risk,66.7,48.1,48.1
240115,MERCY HOSPITAL,MN,Midwest,3,Non-Profit,6,48.1,Medium Risk,33.3,48.1,48.1
240207,M HEALTH FAIRVIEW RIDGES HOSPITAL,MN,Midwest,4,Non-Profit,4,39.4,Medium Risk,25,39.4,39.4
240210,M HEALTH FAIRVIEW ST JOHN'S HOSPITAL,MN,Midwest,4,Non-Profit,5,39.4,Medium Risk,20,39.4,39.4
240213,M HEALTH FAIRVIEW WOODWINDS HOSPITAL,MN,Midwest,5,Non-Profit,4,31.3,Medium Risk,25,31.3,31.3
240214,MAPLE GROVE HOSPITAL,MN,Midwest,4,Non-Profit,3,39.4,Medium Risk,66.7,39.4,39.4
250001,UNIVERSITY OF MISSISSIPPI MED CENTER,MS,South,2,Government,6,56.3,Medium-High Risk,66.7,56.3,56.3
250002,TISHOMINGO HEALTH SERVICES INC,MS,South,4,Non-Profit,3,41,Medium Risk,0,41,41
250004,NORTH MISSISSIPPI MEDICAL CENTER,MS,South,3,Non-Profit,6,49.7,Medium Risk,16.7,49.7,49.7
250006,BAPTIST MEMORIAL HOSPITAL UNION COUNTY,MS,South,4,Non-Profit,3,41,Medium Risk,33.3,41,41
250007,MERIT HEALTH BILOXI,MS,South,2,For-Profit,3,64.9,Medium-High Risk,66.7,64.9,64.9
250009,MAGNOLIA REGIONAL HEALTH CENTER,MS,South,3,Non-Profit,6,49.7,Medium Risk,50,49.7,49.7
250019,MEMORIAL HOSPITAL AT GULFPORT,MS,South,2,Government,6,56.3,Medium-High Risk,50,56.3,56.3
250020,WEBSTER GENERAL HOSPITAL/ SWING BED,MS,South,4,Non-Profit,3,41,Medium Risk,33.3,41,41
250025,NORTH MISSISSIPPI MEDICAL CENTER-GILMORE AMORY,MS,South,4,For-Profit,3,47.6,Medium Risk,0,47.6,47.6
250031,MERIT HEALTH RIVER REGION,MS,South,2,For-Profit,5,64.9,Medium-High Risk,80,64.9,64.9
250034,BAPTIST MEMORIAL HOSPITAL NORTH MS,MS,South,3,Non-Profit,5,49.7,Medium Risk,80,49.7,49.7
250040,SINGING RIVER HEALTH SYSTEM,MS,South,2,Government,6,56.3,Medium-High Risk,100,56.3,56.3
250043,NESHOBA COUNTY GENERAL HOSPITAL,MS,South,4,Government,3,38.8,Medium Risk,33.3,38.8,38.8
250044,BAPTIST MEMORIAL HOSPITAL BOONEVILLE,MS,South,4,Non-Profit,3,41,Medium Risk,0,41,41
250048,ST DOMINIC-JACKSON MEMORIAL HOSPITAL,MS,South,2,Non-Profit,6,58.5,Medium-High Risk,83.3,58.5,58.5
250050,OCH REGIONAL MEDICAL CENTER,MS,South,2,Government,2,56.3,Medium-High Risk,50,56.3,56.3
250057,KING'S DAUGHTERS MEDICAL CENTER-BROOKHAVEN,MS,South,3,Non-Profit,3,49.7,Medium Risk,33.3,49.7,49.7
250058,SOUTH CENTRAL REG MED CTR,MS,South,2,Government,5,56.3,Medium-High Risk,80,56.3,56.3
250069,OCHSNER RUSH HOSPITAL,MS,South,3,Non-Profit,5,49.7,Medium Risk,60,49.7,49.7
250072,MERIT HEALTH CENTRAL,MS,South,2,For-Profit,3,64.9,Medium-High Risk,33.3,64.9,64.9
250078,FORREST GENERAL HOSPITAL,MS,South,1,Government,6,64.8,Medium-High Risk,66.7,64.8,64.8
250082,DELTA HEALTH SYSTEM - THE MEDICAL CENTER,MS,South,1,Government,5,64.8,Medium-High Risk,80,64.8,64.8
250084,MERIT HEALTH NATCHEZ,MS,South,2,For-Profit,3,64.9,Medium-High Risk,100,64.9,64.9
250093,BOLIVAR MEDICAL CENTER,MS,South,3,For-Profit,3,56.4,Medium-High Risk,100,56.4,56.4
250094,MERIT HEALTH WESLEY,MS,South,2,Non-Profit,6,58.5,Medium-High Risk,33.3,58.5,58.5
250096,CROSSGATES RIVER OAKS HOSPITAL,MS,South,2,For-Profit,3,64.9,Medium-High Risk,100,64.9,64.9
250097,SOUTHWEST MS REGIONAL MEDICAL CENTER,MS,South,1,Government,4,64.8,Medium-High Risk,75,64.8,64.8
250099,GREENWOOD LEFLORE HOSPITAL,MS,South,1,Government,5,64.8,Medium-High Risk,60,64.8,64.8
250100,BMH-GOLDEN TRIANGLE,MS,South,3,Non-Profit,6,49.7,Medium Risk,50,49.7,49.7
250102,MISSISSIPPI BAPTIST MEDICAL CENTER,MS,South,2,Non-Profit,6,58.5,Medium-High Risk,33.3,58.5,58.5
250104,ANDERSON REGIONAL MEDICAL CENTER,MS,South,2,Non-Profit,6,58.5,Medium-High Risk,33.3,58.5,58.5
250117,HIGHLAND COMMUNITY  HOSPITAL,MS,South,2,Government,3,56.3,Medium-High Risk,66.7,56.3,56.3
250123,SINGING RIVER GULFPORT,MS,South,1,For-Profit,4,72.5,High Risk,75,72.5,72.5
250138,MERIT HEALTH RIVER OAKS,MS,South,1,For-Profit,5,72.5,High Risk,60,72.5,72.5
250141,BAPTIST MEMORIAL HOSPITAL DESOTO,MS,South,1,For-Profit,5,72.5,High Risk,100,72.5,72.5
250167,METHODIST HEALTHCARE - OLIVE BRANCH HOSPITAL,MS,South,5,Non-Profit,4,32.8,Medium Risk,25,32.8,32.8
250168,UNIVERSITY OF MISSISSIPPI MEDICAL CENTER- GRENADA,MS,South,3,Government,4,47.5,Medium Risk,50,47.5,47.5
260001,MERCY HOSPITAL JOPLIN,MO,Midwest,1,Non-Profit,5,65.3,Medium-High Risk,80,65.3,65.3
260005,SSM ST JOSEPH HEALTH CENTER,MO,Midwest,3,Non-Profit,4,48.1,Medium Risk,75,48.1,48.1
260006,MOSAIC LIFE CARE AT ST JOSEPH,MO,Midwest,4,Non-Profit,6,39.4,Medium Risk,33.3,39.4,39.4
260009,BOTHWELL REGIONAL HEALTH CENTER,MO,Midwest,2,Government,3,54.7,Medium-High Risk,66.7,54.7,54.7
260011,SSM HEALTH ST MARY'S HOSPITAL JEFFERSON CITY,MO,Midwest,3,For-Profit,5,54.8,Medium-High Risk,60,54.8,54.8
260017,PHELPS COUNTY REGIONAL MEDICAL CENTER,MO,Midwest,3,Government,5,45.9,Medium Risk,60,45.9,45.9
260020,MERCY HOSPITAL ST LOUIS,MO,Midwest,4,Non-Profit,6,39.4,Medium Risk,50,39.4,39.4
260022,NORTHEAST REGIONAL MEDICAL CENTER,MO,Midwest,3,For-Profit,4,54.8,Medium-High Risk,50,54.8,54.8
260023,MERCY HOSPITAL JEFFERSON,MO,Midwest,3,Non-Profit,5,48.1,Medium Risk,60,48.1,48.1
260024,TEXAS COUNTY MEMORIAL HOSPITAL,MO,Midwest,2,Non-Profit,3,56.9,Medium-High Risk,66.7,56.9,56.9
260025,HANNIBAL REGIONAL HOSPITAL,MO,Midwest,3,Non-Profit,5,48.1,Medium Risk,80,48.1,48.1
260027,RESEARCH MEDICAL CENTER,MO,Midwest,2,For-Profit,5,63.4,Medium-High Risk,100,63.4,63.4
260032,BARNES JEWISH HOSPITAL,MO,Midwest,4,Non-Profit,6,39.4,Medium Risk,50,39.4,39.4
260040,COX MEDICAL CENTERS,MO,Midwest,3,Non-Profit,6,48.1,Medium Risk,50,48.1,48.1
260048,TRUMAN MEDICAL CENTER HOSPITAL HILL,MO,Midwest,2,Non-Profit,2,56.9,Medium-High Risk,0,56.9,56.9
260052,MERCY HOSPITAL WASHINGTON,MO,Midwest,4,Non-Profit,5,39.4,Medium Risk,40,39.4,39.4
260057,CAMERON REGIONAL MEDICAL CENTER,MO,Midwest,1,Non-Profit,4,65.3,Medium-High Risk,25,65.3,65.3
260059,MERCY HOSPITAL LEBANON,MO,Midwest,4,Non-Profit,2,39.4,Medium Risk,0,39.4,39.4
260061,NEVADA REGIONAL MEDICAL CENTER,MO,Midwest,2,Government,2,54.7,Medium-High Risk,50,54.7,54.7
260062,SAINT LUKES NORTH HOSPITAL,MO,Midwest,5,Non-Profit,5,31.3,Medium Risk,20,31.3,31.3
260065,MERCY HOSPITAL SPRINGFIELD,MO,Midwest,3,Non-Profit,6,48.1,Medium Risk,83.3,48.1,48.1
260068,BOONE HOSPITAL CENTER,MO,Midwest,5,Non-Profit,6,31.3,Medium Risk,16.7,31.3,31.3
260074,MOBERLY REGIONAL MEDICAL CENTER,MO,Midwest,3,For-Profit,4,54.8,Medium-High Risk,50,54.8,54.8
260077,MERCY HOSPITAL SOUTH,MO,Midwest,3,Non-Profit,6,48.1,Medium Risk,50,48.1,48.1
260078,OZARKS HEALTHCARE,MO,Midwest,2,Non-Profit,4,56.9,Medium-High Risk,25,56.9,56.9
260081,SSM ST CLARE HEALTH CENTER,MO,Midwest,3,Non-Profit,5,48.1,Medium Risk,60,48.1,48.1
260085,ST JOSEPH MEDICAL CENTER,MO,Midwest,3,For-Profit,6,54.8,Medium-High Risk,33.3,54.8,54.8
260091,SSM HEALTH ST MARY'S HOSPITAL - ST LOUIS,MO,Midwest,3,Non-Profit,5,48.1,Medium Risk,80,48.1,48.1
260094,COX MEDICAL CENTER BRANSON,MO,Midwest,5,Non-Profit,4,31.3,Medium Risk,25,31.3,31.3
260095,CENTERPOINT MEDICAL CENTER,MO,Midwest,3,For-Profit,6,54.8,Medium-High Risk,66.7,54.8,54.8
260096,NORTH KANSAS CITY HOSPITAL,MO,Midwest,4,Government,6,37.3,Medium Risk,16.7,37.3,37.3
260097,WESTERN MISSOURI MEDICAL CENTER,MO,Midwest,5,Government,4,29.5,Low-Medium Risk,50,29.5,29.5
260102,UNIVERSITY HEALTH LAKEWOOD MEDICAL CENTER,MO,Midwest,3,Non-Profit,2,48.1,Medium Risk,50,48.1,48.1
260104,SSM HEALTH DEPAUL HOSPITAL ST LOUIS,MO,Midwest,2,Non-Profit,6,56.9,Medium-High Risk,16.7,56.9,56.9
260105,SSM HEALTH SAINT LOUIS UNIVERSITY HOSPITAL,MO,Midwest,1,Non-Profit,5,65.3,Medium-High Risk,80,65.3,65.3
260108,MISSOURI BAPTIST MEDICAL CENTER,MO,Midwest,5,Non-Profit,6,31.3,Medium Risk,66.7,31.3,31.3
260110,MERCY HOSPITAL SOUTHEAST,MO,Midwest,1,Non-Profit,6,65.3,Medium-High Risk,66.7,65.3,65.3
260113,MISSOURI DELTA MEDICAL CENTER,MO,Midwest,2,Non-Profit,3,56.9,Medium-High Risk,66.7,56.9,56.9
260119,POPLAR BLUFF REGIONAL MEDICAL CENTER,MO,Midwest,2,For-Profit,4,63.4,Medium-High Risk,25,63.4,63.4
260137,FREEMAN HEALTH SYSTEM - FREEMAN WEST,MO,Midwest,1,Non-Profit,6,65.3,Medium-High Risk,33.3,65.3,65.3
260138,ST LUKES HOSPITAL OF KANSAS CITY,MO,Midwest,5,Non-Profit,6,31.3,Medium Risk,33.3,31.3,31.3
260141,UNIVERSITY OF MISSOURI HEALTH CARE,MO,Midwest,2,Government,6,54.7,Medium-High Risk,66.7,54.7,54.7
260142,FITZGIBBON HOSPITAL,MO,Midwest,3,Non-Profit,4,48.1,Medium Risk,50,48.1,48.1
260160,MERCY HOSPITAL STODDARD,MO,Midwest,4,Non-Profit,3,39.4,Medium Risk,33.3,39.4,39.4
260162,BARNES-JEWISH WEST COUNTY HOSPITAL,MO,Midwest,4,Non-Profit,3,39.4,Medium Risk,66.7,39.4,39.4
260163,PARKLAND HEALTH CENTER,MO,Midwest,4,Non-Profit,3,39.4,Medium Risk,33.3,39.4,39.4
260175,GOLDEN VALLEY MEMORIAL HOSPITAL,MO,Midwest,4,Government,4,37.3,Medium Risk,0,37.3,37.3
260176,ST LUKE'S DES PERES HOSPITAL,MO,Midwest,3,For-Profit,3,54.8,Medium-High Risk,100,54.8,54.8
260177,NEW LIBERTY HOSPITAL DISTRICT,MO,Midwest,4,Non-Profit,6,39.4,Medium Risk,33.3,39.4,39.4
260179,ST LUKES HOSPITAL,MO,Midwest,4,Non-Profit,6,39.4,Medium Risk,66.7,39.4,39.4
260180,CHRISTIAN HOSPITAL NORTHEAST,MO,Midwest,3,Non-Profit,6,48.1,Medium Risk,66.7,48.1,48.1
260183,SAINT FRANCIS MEDICAL CENTER,MO,Midwest,2,Non-Profit,6,56.9,Medium-High Risk,50,56.9,56.9
260186,LAKE REGIONAL HEALTH SYSTEM,MO,Midwest,3,Non-Profit,5,48.1,Medium Risk,20,48.1,48.1
260190,LEE'S SUMMIT MEDICAL CENTER,MO,Midwest,4,For-Profit,5,46,Medium Risk,40,46,46
260191,BARNES-JEWISH ST PETERS HOSPITAL,MO,Midwest,5,Non-Profit,5,31.3,Medium Risk,80,31.3,31.3
260193,ST MARY'S MEDICAL CENTER,MO,Midwest,4,For-Profit,5,46,Medium Risk,60,46,46
260195,CITIZENS MEMORIAL HOSPITAL,MO,Midwest,4,Government,5,37.3,Medium Risk,20,37.3,37.3
260200,SSM ST JOSEPH HOSPITAL WEST,MO,Midwest,3,Non-Profit,4,48.1,Medium Risk,75,48.1,48.1
260214,BELTON REGIONAL MEDICAL CENTER,MO,Midwest,2,Non-Profit,4,56.9,Medium-High Risk,75,56.9,56.9
260216,SAINT LUKE'S EAST  HOSPITAL,MO,Midwest,4,Non-Profit,5,39.4,Medium Risk,80,39.4,39.4
260219,PROGRESS WEST HOSPITAL,MO,Midwest,4,Non-Profit,5,39.4,Medium Risk,0,39.4,39.4
270003,ST PETERS HEALTH,MT,Mountain West,4,Non-Profit,5,27.7,Low-Medium Risk,40,27.7,27.7
270004,BILLINGS CLINIC,MT,Mountain West,4,Non-Profit,6,27.7,Low-Medium Risk,0,27.7,27.7
270012,BENEFIS HOSPITALS INC,MT,Mountain West,2,Non-Profit,6,43.7,Medium Risk,16.7,43.7,43.7
270014,ST. PATRICK HOSPITAL,MT,Mountain West,5,Non-Profit,6,21.2,Low-Medium Risk,16.7,21.2,21.2
270017,ST JAMES HEALTHCARE,MT,Mountain West,1,Non-Profit,4,52.6,Medium-High Risk,50,52.6,52.6
270023,COMMUNITY MEDICAL CENTER,MT,Mountain West,3,Non-Profit,4,35.3,Medium Risk,0,35.3,35.3
270049,ST VINCENT HEALTHCARE,MT,Mountain West,4,Non-Profit,6,27.7,Low-Medium Risk,16.7,27.7,27.7
270051,LOGAN HEALTH MEDICAL CENTER,MT,Mountain West,4,Non-Profit,6,27.7,Low-Medium Risk,16.7,27.7,27.7
270057,BOZEMAN HEALTH DEACONESS HOSPITAL,MT,Mountain West,4,Non-Profit,5,27.7,Low-Medium Risk,20,27.7,27.7
270086,GREAT FALLS CLINIC HOSPITAL,MT,Mountain West,5,For-Profit,6,26,Low-Medium Risk,16.7,26,26
280003,BRYAN MEDICAL CENTER,NE,Midwest,4,Non-Profit,6,39.4,Medium Risk,33.3,39.4,39.4
280009,CHI HEALTH GOOD SAMARITAN,NE,Midwest,5,Non-Profit,6,31.3,Medium Risk,33.3,31.3,31.3
280013,THE NEBRASKA MEDICAL CENTER,NE,Midwest,3,Non-Profit,6,48.1,Medium Risk,33.3,48.1,48.1
280020,CHI HEALTH ST. ELIZABETH,NE,Midwest,3,Non-Profit,4,48.1,Medium Risk,50,48.1,48.1
280023,CHI HEALTH ST. FRANCIS,NE,Midwest,4,Non-Profit,4,39.4,Medium Risk,25,39.4,39.4
280032,MARY LANNING HEALTHCARE,NE,Midwest,3,Non-Profit,5,48.1,Medium Risk,0,48.1,48.1
280040,THE NEBRASKA METHODIST HOSPITAL,NE,Midwest,4,Non-Profit,6,39.4,Medium Risk,33.3,39.4,39.4
280060,CHI HEALTH BERGAN MERCY,NE,Midwest,3,Non-Profit,5,48.1,Medium Risk,0,48.1,48.1
280061,REGIONAL WEST MEDICAL CENTER,NE,Midwest,1,Non-Profit,4,65.3,Medium-High Risk,50,65.3,65.3
280065,GREAT PLAINS HEALTH,NE,Midwest,2,Non-Profit,5,56.9,Medium-High Risk,60,56.9,56.9
280077,METHODIST FREMONT HEALTH,NE,Midwest,3,Non-Profit,5,48.1,Medium Risk,40,48.1,48.1
280081,CHI HEALTH IMMANUEL,NE,Midwest,3,Non-Profit,4,48.1,Medium Risk,50,48.1,48.1
280111,"COLUMBUS COMMUNITY HOSPITAL, INC",NE,Midwest,4,Non-Profit,4,39.4,Medium Risk,0,39.4,39.4
280125,FAITH REGIONAL HEALTH SERVICES,NE,Midwest,5,Non-Profit,6,31.3,Medium Risk,16.7,31.3,31.3
280128,CHI HEALTH NEBRASKA HEART,NE,Midwest,3,Non-Profit,3,48.1,Medium Risk,0,48.1,48.1
280130,CHI HEALTH LAKESIDE,NE,Midwest,5,Non-Profit,5,31.3,Medium Risk,20,31.3,31.3
280132,"BELLEVUE MEDICAL CENTER, LLC",NE,Midwest,5,For-Profit,5,37.4,Medium Risk,60,37.4,37.4
280134,KEARNEY REGIONAL MEDICAL CENTER,NE,Midwest,4,For-Profit,6,46,Medium Risk,16.7,46,46
280139,GRAND ISLAND REGIONAL MEDICAL CENTER,NE,Midwest,3,Non-Profit,4,48.1,Medium Risk,50,48.1,48.1
290001,RENOWN REGIONAL MEDICAL CENTER,NV,Mountain West,2,Non-Profit,5,43.7,Medium Risk,40,43.7,43.7
290003,SUNRISE HOSPITAL AND MEDICAL CENTER,NV,Mountain West,1,For-Profit,6,59.2,Medium-High Risk,83.3,59.2,59.2
290005,NORTH VISTA HOSPITAL,NV,Mountain West,1,Non-Profit,3,52.6,Medium-High Risk,100,52.6,52.6
290007,UNIVERSITY MEDICAL CENTER,NV,Mountain West,2,Non-Profit,6,43.7,Medium Risk,50,43.7,43.7
290008,NORTHEASTERN NEVADA REGIONAL HOSPITAL,NV,Mountain West,1,For-Profit,5,59.2,Medium-High Risk,40,59.2,59.2
290009,SAINT MARY'S REGIONAL MEDICAL CENTER,NV,Mountain West,3,For-Profit,6,41.7,Medium Risk,33.3,41.7,41.7
290019,CARSON TAHOE REGIONAL MEDICAL CENTER,NV,Mountain West,2,Non-Profit,6,43.7,Medium Risk,33.3,43.7,43.7
290021,VALLEY HOSPITAL MEDICAL CENTER,NV,Mountain West,2,For-Profit,6,50.4,Medium-High Risk,50,50.4,50.4
290032,NORTHERN NEVADA MEDICAL CENTER,NV,Mountain West,3,For-Profit,5,41.7,Medium Risk,20,41.7,41.7
290039,MOUNTAINVIEW HOSPITAL,NV,Mountain West,4,For-Profit,6,33.4,Medium Risk,50,33.4,33.4
290041,SUMMERLIN HOSPITAL MEDICAL CENTER,NV,Mountain West,2,For-Profit,5,50.4,Medium-High Risk,80,50.4,50.4
290045,SAINT ROSE DOMINICAN HOSPITALS - SIENA CAMPUS,NV,Mountain West,3,Non-Profit,6,35.3,Medium Risk,50,35.3,35.3
290046,SPRING VALLEY HOSPITAL MEDICAL CENTER,NV,Mountain West,2,For-Profit,6,50.4,Medium-High Risk,83.3,50.4,50.4
290047,SOUTHERN HILLS HOSPITAL AND MEDICAL CENTER,NV,Mountain West,4,For-Profit,5,33.4,Medium Risk,40,33.4,33.4
290049,RENOWN SOUTH MEADOWS MEDICAL CENTER,NV,Mountain West,3,Non-Profit,4,35.3,Medium Risk,50,35.3,35.3
290053,SAINT ROSE DOMINICAN HOSPITALS - SAN MARTIN CAMPUS,NV,Mountain West,3,Non-Profit,5,35.3,Medium Risk,80,35.3,35.3
290054,CENTENNIAL HILLS HOSPITAL MEDICAL CENTER,NV,Mountain West,1,For-Profit,5,59.2,Medium-High Risk,60,59.2,59.2
290057,HENDERSON HOSPITAL,NV,Mountain West,3,For-Profit,5,41.7,Medium Risk,60,41.7,41.7
300001,CONCORD HOSPITAL,NH,Northeast,3,Non-Profit,6,57.4,Medium-High Risk,33.3,57.4,57.4
300003,MARY HITCHCOCK MEMORIAL HOSPITAL,NH,Northeast,4,Non-Profit,6,48.6,Medium Risk,16.7,48.6,48.6
300005,CONCORD HOSPITAL- LACONIA,NH,Northeast,3,Non-Profit,4,57.4,Medium-High Risk,25,57.4,57.4
300011,ST JOSEPH HOSPITAL,NH,Northeast,4,Non-Profit,5,48.6,Medium Risk,20,48.6,48.6
300012,ELLIOT HOSPITAL,NH,Northeast,3,Non-Profit,5,57.4,Medium-High Risk,40,57.4,57.4
300014,FRISBIE MEMORIAL HOSPITAL,NH,Northeast,2,For-Profit,3,71.6,High Risk,100,71.6,71.6
300017,PARKLAND MEDICAL CENTER,NH,Northeast,5,For-Profit,4,46.5,Medium Risk,100,46.5,46.5
300018,WENTWORTH-DOUGLASS HOSPITAL,NH,Northeast,4,Non-Profit,5,48.6,Medium Risk,80,48.6,48.6
300019,CHESHIRE MEDICAL CENTER,NH,Northeast,3,Non-Profit,5,57.4,Medium-High Risk,0,57.4,57.4
300020,SOUTHERN NH MEDICAL CENTER,NH,Northeast,3,Non-Profit,5,57.4,Medium-High Risk,60,57.4,57.4
300023,EXETER HOSPITAL INC,NH,Northeast,5,Non-Profit,5,39.9,Medium Risk,40,39.9,39.9
300029,PORTSMOUTH REGIONAL HOSPITAL,NH,Northeast,3,For-Profit,6,63.8,Medium-High Risk,83.3,63.8,63.8
300034,CATHOLIC MEDICAL CENTER,NH,Northeast,4,Non-Profit,6,48.6,Medium Risk,16.7,48.6,48.6
310001,HACKENSACK UNIVERSITY MEDICAL CENTER,NJ,Mid-Atlantic,5,Non-Profit,6,35.3,Medium Risk,33.3,35.3,35.3
310002,NEWARK BETH ISRAEL MEDICAL CENTER,NJ,Mid-Atlantic,2,Non-Profit,5,61.2,Medium-High Risk,80,61.2,61.2
310003,PALISADES MEDICAL CENTER,NJ,Mid-Atlantic,2,Non-Profit,4,61.2,Medium-High Risk,100,61.2,61.2
310005,HUNTERDON MEDICAL CENTER,NJ,Mid-Atlantic,5,Non-Profit,5,35.3,Medium Risk,100,35.3,35.3
310006,ST MARY'S GENERAL HOSPITAL,NJ,Mid-Atlantic,3,For-Profit,4,59.2,Medium-High Risk,75,59.2,59.2
310008,HOLY NAME MEDICAL CENTER,NJ,Mid-Atlantic,3,Non-Profit,5,52.6,Medium-High Risk,20,52.6,52.6
310009,CLARA MAASS MEDICAL CENTER,NJ,Mid-Atlantic,1,Non-Profit,5,69.2,Medium-High Risk,20,69.2,69.2
310010,UNIVERSITY MEDICAL CENTER OF PRINCETON AT PLAINSBORO,NJ,Mid-Atlantic,4,Non-Profit,5,43.7,Medium Risk,80,43.7,43.7
310011,CAPE REGIONAL MEDICAL CENTER INC,NJ,Mid-Atlantic,3,Non-Profit,4,52.6,Medium-High Risk,75,52.6,52.6
310012,VALLEY HOSPITAL,NJ,Mid-Atlantic,4,Non-Profit,6,43.7,Medium Risk,33.3,43.7,43.7
310014,COOPER UNIVERSITY HOSPITAL,NJ,Mid-Atlantic,3,Non-Profit,6,52.6,Medium-High Risk,83.3,52.6,52.6
310015,MORRISTOWN MEDICAL CENTER,NJ,Mid-Atlantic,5,Non-Profit,6,35.3,Medium Risk,16.7,35.3,35.3
310016,CAREPOINT HEALTH-CHRIST HOSPITAL,NJ,Mid-Atlantic,2,Non-Profit,4,61.2,Medium-High Risk,75,61.2,61.2
310017,CHILTON MEDICAL CENTER,NJ,Mid-Atlantic,4,Non-Profit,5,43.7,Medium Risk,20,43.7,43.7
310019,ST JOSEPH'S UNIVERSITY MEDICAL CENTER INC,NJ,Mid-Atlantic,2,Non-Profit,6,61.2,Medium-High Risk,50,61.2,61.2
310022,WEST JERSEY HOSPITAL,NJ,Mid-Atlantic,2,Non-Profit,5,61.2,Medium-High Risk,100,61.2,61.2
310024,ROBERT WOOD JOHNSON UNIVERSITY HOSPITAL AT RAHWAY,NJ,Mid-Atlantic,2,Non-Profit,5,61.2,Medium-High Risk,40,61.2,61.2
310025,CAREPOINT HEALTH - BAYONNE MEDICAL CENTER,NJ,Mid-Atlantic,2,Non-Profit,5,61.2,Medium-High Risk,100,61.2,61.2
310027,TRINITAS REGIONAL MEDICAL CENTER,NJ,Mid-Atlantic,1,Non-Profit,3,69.2,Medium-High Risk,100,69.2,69.2
310028,NEWTON MEDICAL CENTER,NJ,Mid-Atlantic,4,Non-Profit,5,43.7,Medium Risk,40,43.7,43.7
310029,VIRTUA OUR LADY OF LOURDES HOSPITAL,NJ,Mid-Atlantic,1,Government,5,67.3,Medium-High Risk,80,67.3,67.3
310031,DEBORAH HEART AND LUNG CENTER,NJ,Mid-Atlantic,4,Non-Profit,5,43.7,Medium Risk,80,43.7,43.7
310032,INSPIRA MEDICAL CENTER VINELAND,NJ,Mid-Atlantic,2,Non-Profit,4,61.2,Medium-High Risk,100,61.2,61.2
310034,RIVERVIEW MEDICAL CENTER,NJ,Mid-Atlantic,3,Non-Profit,5,52.6,Medium-High Risk,60,52.6,52.6
310038,ROBERT WOOD JOHNSON UNIVERSITY HOSPITAL,NJ,Mid-Atlantic,2,Non-Profit,6,61.2,Medium-High Risk,66.7,61.2,61.2
310039,RARITAN BAY MEDICAL CENTER,NJ,Mid-Atlantic,2,Non-Profit,4,61.2,Medium-High Risk,75,61.2,61.2
310040,CAREPOINT HEALTH-HOBOKEN UNIVERSITY MEDICAL CENTER,NJ,Mid-Atlantic,1,Non-Profit,4,69.2,Medium-High Risk,50,69.2,69.2
310041,COMMUNITY MEDICAL CENTER,NJ,Mid-Atlantic,1,Non-Profit,5,69.2,Medium-High Risk,100,69.2,69.2
310044,CAPITAL HEALTH MEDICAL CENTER - HOPEWELL,NJ,Mid-Atlantic,3,Non-Profit,5,52.6,Medium-High Risk,60,52.6,52.6
310045,ENGLEWOOD HOSPITAL AND MEDICAL CENTER,NJ,Mid-Atlantic,4,Non-Profit,6,43.7,Medium Risk,66.7,43.7,43.7
310047,SHORE MEDICAL CENTER,NJ,Mid-Atlantic,4,Non-Profit,4,43.7,Medium Risk,100,43.7,43.7
310048,ROBERT WOOD JOHNSON UNIVERSITY HOSPITAL - SOMERSET,NJ,Mid-Atlantic,1,Non-Profit,5,69.2,Medium-High Risk,100,69.2,69.2
310050,SAINT CLARE'S HOSPITAL/ DENVILLE CAMPUS,NJ,Mid-Atlantic,3,For-Profit,5,59.2,Medium-High Risk,80,59.2,59.2
310051,OVERLOOK MEDICAL CENTER,NJ,Mid-Atlantic,4,Non-Profit,5,43.7,Medium Risk,0,43.7,43.7
310052,OCEAN MEDICAL CENTER,NJ,Mid-Atlantic,3,Non-Profit,5,52.6,Medium-High Risk,80,52.6,52.6
310054,HACKENSACK MERIDIAN MOUNTAINSIDE MEDICAL,NJ,Mid-Atlantic,2,For-Profit,5,67.4,Medium-High Risk,40,67.4,67.4
310057,VIRTUA MOUNT HOLLY HOSPITAL,NJ,Mid-Atlantic,3,Non-Profit,4,52.6,Medium-High Risk,50,52.6,52.6
310060,ST LUKE'S WARREN HOSPITAL,NJ,Mid-Atlantic,5,Non-Profit,4,35.3,Medium Risk,75,35.3,35.3
310061,VIRTUA WILLINGBORO HOSPITAL,NJ,Mid-Atlantic,2,Non-Profit,3,61.2,Medium-High Risk,100,61.2,61.2
310064,ATLANTICARE REGIONAL MEDICAL CENTER - CITY CAMPUS,NJ,Mid-Atlantic,4,Non-Profit,6,43.7,Medium Risk,66.7,43.7,43.7
310069,INSPIRA MEDICAL CENTER MULLICA HILL,NJ,Mid-Atlantic,3,Non-Profit,4,52.6,Medium-High Risk,75,52.6,52.6
310070,SAINT PETER'S UNIVERSITY HOSPITAL,NJ,Mid-Atlantic,4,Non-Profit,5,43.7,Medium Risk,40,43.7,43.7
310073,JERSEY SHORE UNIVERSITY MEDICAL CENTER,NJ,Mid-Atlantic,3,Non-Profit,6,52.6,Medium-High Risk,66.7,52.6,52.6
310074,JERSEY CITY MEDICAL CENTER,NJ,Mid-Atlantic,2,Non-Profit,5,61.2,Medium-High Risk,60,61.2,61.2
310075,MONMOUTH MEDICAL CENTER,NJ,Mid-Atlantic,3,Non-Profit,5,52.6,Medium-High Risk,40,52.6,52.6
310076,COOPERMAN BARNABAS MEDICAL CENTER,NJ,Mid-Atlantic,2,Non-Profit,6,61.2,Medium-High Risk,50,61.2,61.2
310083,CAREWELL HEALTH MEDICAL CENTER,NJ,Mid-Atlantic,1,For-Profit,3,74.7,High Risk,66.7,74.7,74.7
310084,MONMOUTH MEDICAL CENTER-SOUTHERN CAMPUS,NJ,Mid-Atlantic,1,Non-Profit,3,69.2,Medium-High Risk,100,69.2,69.2
310086,JEFFERSON STRATFORD HOSPITAL,NJ,Mid-Atlantic,2,Non-Profit,5,61.2,Medium-High Risk,80,61.2,61.2
310092,CAPITAL HEALTH REGIONAL MEDICAL CENTER,NJ,Mid-Atlantic,1,Non-Profit,3,69.2,Medium-High Risk,33.3,69.2,69.2
310096,SAINT MICHAEL'S MEDICAL CENTER,NJ,Mid-Atlantic,3,Non-Profit,3,52.6,Medium-High Risk,66.7,52.6,52.6
310108,JFK MEDICAL CENTER,NJ,Mid-Atlantic,3,Non-Profit,4,52.6,Medium-High Risk,100,52.6,52.6
310110,ROBERT WOOD JOHNSON UNIVERSITY HOSPITAL AT HAMILTON,NJ,Mid-Atlantic,2,Non-Profit,5,61.2,Medium-High Risk,80,61.2,61.2
310111,CENTRASTATE MEDICAL CENTER,NJ,Mid-Atlantic,2,Non-Profit,5,61.2,Medium-High Risk,80,61.2,61.2
310112,BAYSHORE MEDICAL CENTER,NJ,Mid-Atlantic,3,Non-Profit,5,52.6,Medium-High Risk,40,52.6,52.6
310113,SOUTHERN OCEAN MEDICAL CENTER,NJ,Mid-Atlantic,3,Non-Profit,4,52.6,Medium-High Risk,25,52.6,52.6
310115,HACKETTSTOWN MEDICAL CENTER,NJ,Mid-Atlantic,4,Non-Profit,4,43.7,Medium Risk,50,43.7,43.7
310118,HUDSON REGIONAL HOSPITAL,NJ,Mid-Atlantic,1,For-Profit,4,74.7,High Risk,75,74.7,74.7
310119,THE UNIVERSITY HOSPITAL,NJ,Mid-Atlantic,1,Government,3,67.3,Medium-High Risk,100,67.3,67.3
310130,HACKENSACK MERIDIAN HEALTH PASCACK VALLEY MEDICAL,NJ,Mid-Atlantic,4,For-Profit,4,50.4,Medium-High Risk,0,50.4,50.4
320001,UNM HOSPITAL,NM,Mountain West,2,Government,4,41.6,Medium Risk,25,41.6,41.6
320002,CHRISTUS ST VINCENT REGIONAL MEDICAL CENTER,NM,Mountain West,4,Non-Profit,4,27.7,Low-Medium Risk,0,27.7,27.7
320004,GERALD CHAMPION REGIONAL MEDICAL CENTER,NM,Mountain West,2,Non-Profit,5,43.7,Medium Risk,40,43.7,43.7
320005,SAN JUAN REGIONAL MEDICAL CENTER INC,NM,Mountain West,2,Non-Profit,5,43.7,Medium Risk,40,43.7,43.7
320006,EASTERN NEW MEXICO MEDICAL CENTER,NM,Mountain West,1,For-Profit,4,59.2,Medium-High Risk,25,59.2,59.2
320009,LOVELACE MEDICAL CENTER,NM,Mountain West,3,For-Profit,6,41.7,Medium Risk,50,41.7,41.7
320011,PRESBYTERIAN ESPANOLA HOSPITAL,NM,Mountain West,2,Non-Profit,3,43.7,Medium Risk,33.3,43.7,43.7
320017,LOVELACE WOMEN'S HOSPITAL,NM,Mountain West,1,For-Profit,3,59.2,Medium-High Risk,100,59.2,59.2
320018,MEMORIAL MEDICAL CENTER,NM,Mountain West,1,For-Profit,5,59.2,Medium-High Risk,60,59.2,59.2
320021,PRESBYTERIAN HOSPITAL,NM,Mountain West,2,Non-Profit,6,43.7,Medium Risk,33.3,43.7,43.7
320022,PLAINS REGIONAL MEDICAL CENTER,NM,Mountain West,2,Non-Profit,4,43.7,Medium Risk,50,43.7,43.7
320061,GALLUP INDIAN MEDICAL CENTER,NM,Mountain West,2,Government,2,41.6,Medium Risk,0,41.6,41.6
320063,CARLSBAD MEDICAL CENTER,NM,Mountain West,1,Non-Profit,4,52.6,Medium-High Risk,75,52.6,52.6
320065,COVENANT HEALTH HOBBS HOSPITAL,NM,Mountain West,3,Non-Profit,3,35.3,Medium Risk,0,35.3,35.3
320074,LOVELACE WESTSIDE HOSPITAL,NM,Mountain West,2,For-Profit,2,50.4,Medium-High Risk,50,50.4,50.4
320085,MOUNTAIN VIEW REGIONAL MEDICAL CENTER,NM,Mountain West,1,For-Profit,5,59.2,Medium-High Risk,40,59.2,59.2
320086,LOVELACE REGIONAL HOSPITAL - ROSWELL,NM,Mountain West,3,For-Profit,3,41.7,Medium Risk,66.7,41.7,41.7
320090,PRESBYTERIAN SANTA FE MEDICAL CENTER,NM,Mountain West,3,Non-Profit,2,35.3,Medium Risk,100,35.3,35.3
330005,KALEIDA HEALTH,NY,Mid-Atlantic,3,Non-Profit,6,52.6,Medium-High Risk,66.7,52.6,52.6
330006,ST JOSEPH'S MEDICAL CENTER,NY,Mid-Atlantic,2,Non-Profit,2,61.2,Medium-High Risk,50,61.2,61.2
330009,BRONXCARE HOSPITAL CENTER,NY,Mid-Atlantic,1,Non-Profit,3,69.2,Medium-High Risk,100,69.2,69.2
330011,"OUR LADY OF LOURDES MEMORIAL HOSPITAL, INC",NY,Mid-Atlantic,2,Non-Profit,5,61.2,Medium-High Risk,60,61.2,61.2
330013,ALBANY MEDICAL CENTER HOSPITAL,NY,Mid-Atlantic,2,Non-Profit,6,61.2,Medium-High Risk,50,61.2,61.2
330014,JAMAICA HOSPITAL MEDICAL CENTER,NY,Mid-Atlantic,1,Non-Profit,4,69.2,Medium-High Risk,75,69.2,69.2
330019,"NEW YORK COMMUNITY HOSPITAL OF BROOKLYN, INC.",NY,Mid-Atlantic,1,Non-Profit,4,69.2,Medium-High Risk,100,69.2,69.2
330023,VASSAR BROTHERS MEDICAL CENTER,NY,Mid-Atlantic,3,Non-Profit,5,52.6,Medium-High Risk,80,52.6,52.6
330024,MOUNT SINAI HOSPITAL,NY,Mid-Atlantic,3,Non-Profit,6,52.6,Medium-High Risk,16.7,52.6,52.6
330027,NASSAU UNIVERSITY MEDICAL CENTER,NY,Mid-Atlantic,1,Government,3,67.3,Medium-High Risk,100,67.3,67.3
330028,RICHMOND UNIVERSITY MEDICAL CENTER,NY,Mid-Atlantic,1,Non-Profit,5,69.2,Medium-High Risk,80,69.2,69.2
330030,NEWARK-WAYNE COMMUNITY HOSPITAL,NY,Mid-Atlantic,3,Non-Profit,3,52.6,Medium-High Risk,100,52.6,52.6
330033,CHENANGO MEMORIAL HOSPITAL,NY,Mid-Atlantic,2,Non-Profit,2,61.2,Medium-High Risk,50,61.2,61.2
330043,NS/LIJ HS SOUTHSIDE HOSPITAL,NY,Mid-Atlantic,4,Non-Profit,6,43.7,Medium Risk,16.7,43.7,43.7
330044,WYNN HOSPITAL,NY,Mid-Atlantic,2,Non-Profit,3,61.2,Medium-High Risk,100,61.2,61.2
330045,NS/LIJ HS HUNTINGTON HOSPITAL,NY,Mid-Atlantic,4,Non-Profit,5,43.7,Medium Risk,40,43.7,43.7
330046,MOUNT SINAI ST LUKE'S ROOSEVELT HOSPITAL,NY,Mid-Atlantic,3,Non-Profit,6,52.6,Medium-High Risk,50,52.6,52.6
330047,ST MARY'S HEALTHCARE,NY,Mid-Atlantic,2,Non-Profit,3,61.2,Medium-High Risk,66.7,61.2,61.2
330049,NORTHERN DUTCHESS HOSPITAL,NY,Mid-Atlantic,5,Non-Profit,5,35.3,Medium Risk,20,35.3,35.3
330055,NEW YORK-PRESBYTERIAN/QUEENS,NY,Mid-Atlantic,4,Non-Profit,5,43.7,Medium Risk,20,43.7,43.7
330056,BROOKLYN HOSPITAL CENTER - DOWNTOWN CAMPUS,NY,Mid-Atlantic,1,Non-Profit,5,69.2,Medium-High Risk,60,69.2,69.2
330057,ST PETER'S HOSPITAL,NY,Mid-Atlantic,4,Non-Profit,6,43.7,Medium Risk,66.7,43.7,43.7
330058,GENEVA GENERAL HOSPITAL,NY,Mid-Atlantic,2,Non-Profit,4,61.2,Medium-High Risk,75,61.2,61.2
330059,MONTEFIORE MEDICAL CENTER,NY,Mid-Atlantic,2,Non-Profit,6,61.2,Medium-High Risk,83.3,61.2,61.2
330065,NIAGARA FALLS MEMORIAL MEDICAL CENTER,NY,Mid-Atlantic,2,Non-Profit,4,61.2,Medium-High Risk,50,61.2,61.2
330073,UNITED MEMORIAL MEDICAL CENTER,NY,Mid-Atlantic,2,Non-Profit,4,61.2,Medium-High Risk,75,61.2,61.2
330074,F F THOMPSON HOSPITAL,NY,Mid-Atlantic,1,Non-Profit,3,69.2,Medium-High Risk,100,69.2,69.2
330078,SISTERS OF CHARITY HOSPITAL,NY,Mid-Atlantic,3,Non-Profit,3,52.6,Medium-High Risk,66.7,52.6,52.6
330079,ADIRONDACK MEDICAL CENTER - SARANAC LAKE,NY,Mid-Atlantic,2,Non-Profit,4,61.2,Medium-High Risk,0,61.2,61.2
330080,LINCOLN MEDICAL & MENTAL HEALTH CENTER,NY,Mid-Atlantic,1,Government,3,67.3,Medium-High Risk,66.7,67.3,67.3
330085,AURELIA OSBORN FOX MEMORIAL HOSPITAL,NY,Mid-Atlantic,2,Non-Profit,4,61.2,Medium-High Risk,25,61.2,61.2
330090,ARNOT OGDEN MEDICAL CENTER,NY,Mid-Atlantic,1,Non-Profit,5,69.2,Medium-High Risk,20,69.2,69.2
330094,COLUMBIA MEMORIAL HOSPITAL,NY,Mid-Atlantic,2,Non-Profit,4,61.2,Medium-High Risk,100,61.2,61.2
330096,JONES MEMORIAL HOSPITAL,NY,Mid-Atlantic,4,Non-Profit,3,43.7,Medium Risk,66.7,43.7,43.7
330101,NEW YORK-PRESBYTERIAN HOSPITAL,NY,Mid-Atlantic,5,Non-Profit,6,35.3,Medium Risk,33.3,35.3,35.3
330102,KENMORE MERCY HOSPITAL,NY,Mid-Atlantic,2,Non-Profit,5,61.2,Medium-High Risk,60,61.2,61.2
330103,OLEAN GENERAL HOSPITAL,NY,Mid-Atlantic,1,For-Profit,5,74.7,High Risk,80,74.7,74.7
330104,NYACK HOSPITAL,NY,Mid-Atlantic,2,Non-Profit,5,61.2,Medium-High Risk,80,61.2,61.2
330106,NORTH SHORE UNIVERSITY HOSPITAL,NY,Mid-Atlantic,4,Non-Profit,6,43.7,Medium Risk,66.7,43.7,43.7
330107,PECONIC BAY MEDICAL CENTER,NY,Mid-Atlantic,3,Non-Profit,5,52.6,Medium-High Risk,60,52.6,52.6
330115,ONEIDA HEALTH HOSPITAL,NY,Mid-Atlantic,3,Non-Profit,3,52.6,Medium-High Risk,66.7,52.6,52.6
330119,LENOX HILL HOSPITAL,NY,Mid-Atlantic,4,Non-Profit,6,43.7,Medium Risk,16.7,43.7,43.7
330125,ROCHESTER GENERAL HOSPITAL,NY,Mid-Atlantic,2,Non-Profit,6,61.2,Medium-High Risk,100,61.2,61.2
330126,GARNET HEALTH MEDICAL CENTER,NY,Mid-Atlantic,3,Non-Profit,5,52.6,Medium-High Risk,40,52.6,52.6
330127,JACOBI MEDICAL CENTER,NY,Mid-Atlantic,1,Government,3,67.3,Medium-High Risk,33.3,67.3,67.3
330128,ELMHURST HOSPITAL CENTER,NY,Mid-Atlantic,2,Government,4,59.1,Medium-High Risk,0,59.1,59.1
330135,BON SECOURS COMMUNITY HOSPITAL,NY,Mid-Atlantic,3,Non-Profit,3,52.6,Medium-High Risk,100,52.6,52.6
330136,BASSETT HEALTHCARE,NY,Mid-Atlantic,2,Non-Profit,6,61.2,Medium-High Risk,16.7,61.2,61.2
330140,ST JOSEPH'S HOSPITAL HEALTH CENTER,NY,Mid-Atlantic,2,Non-Profit,6,61.2,Medium-High Risk,83.3,61.2,61.2
330141,LONG ISLAND COMMUNITY HOSPITAL,NY,Mid-Atlantic,1,Non-Profit,5,69.2,Medium-High Risk,40,69.2,69.2
330151,ST JAMES HOSPITAL,NY,Mid-Atlantic,2,Non-Profit,3,61.2,Medium-High Risk,66.7,61.2,61.2
330153,ELLIS HOSPITAL,NY,Mid-Atlantic,2,Non-Profit,6,61.2,Medium-High Risk,66.7,61.2,61.2
330157,SAMARITAN MEDICAL CENTER,NY,Mid-Atlantic,3,Non-Profit,4,52.6,Medium-High Risk,50,52.6,52.6
330158,GOOD SAMARITAN HOSPITAL OF SUFFERN,NY,Mid-Atlantic,3,Non-Profit,6,52.6,Medium-High Risk,50,52.6,52.6
330160,STATEN ISLAND UNIVERSITY HOSPITAL,NY,Mid-Atlantic,1,Non-Profit,6,69.2,Medium-High Risk,50,69.2,69.2
330162,NORTHERN WESTCHESTER HOSPITAL,NY,Mid-Atlantic,5,Non-Profit,5,35.3,Medium Risk,80,35.3,35.3
330164,HIGHLAND HOSPITAL,NY,Mid-Atlantic,2,Non-Profit,4,61.2,Medium-High Risk,75,61.2,61.2
330169,MOUNT SINAI BETH ISRAEL,NY,Mid-Atlantic,3,Non-Profit,4,52.6,Medium-High Risk,75,52.6,52.6
330175,GUTHRIE CORTLAND REGIONAL MEDICAL CENTER,NY,Mid-Atlantic,4,Non-Profit,3,43.7,Medium Risk,33.3,43.7,43.7
330180,"SAMARITAN HOSPITAL OF TROY, NEW YORK",NY,Mid-Atlantic,3,Non-Profit,4,52.6,Medium-High Risk,25,52.6,52.6
330181,NORTHWELL HOSPITAL GLEN COVE,NY,Mid-Atlantic,5,Non-Profit,4,35.3,Medium Risk,50,35.3,35.3
330182,ST FRANCIS HOSPITAL - THE HEART CENTER,NY,Mid-Atlantic,5,Non-Profit,6,35.3,Medium Risk,50,35.3,35.3
330184,MONTEFIORE NEW ROCHELLE HOSPITAL,NY,Mid-Atlantic,1,Non-Profit,4,69.2,Medium-High Risk,75,69.2,69.2
330185,JOHN T MATHER MEMORIAL HOSPITAL  OF PORT JEFFERSON,NY,Mid-Atlantic,5,Non-Profit,5,35.3,Medium Risk,80,35.3,35.3
330188,MOUNT ST. MARY'S HOSPITAL & HEALTH CENTER,NY,Mid-Atlantic,3,Non-Profit,3,52.6,Medium-High Risk,100,52.6,52.6
330191,GLENS FALLS HOSPITAL,NY,Mid-Atlantic,2,Non-Profit,4,61.2,Medium-High Risk,100,61.2,61.2
330193,FLUSHING HOSPITAL MEDICAL CENTER,NY,Mid-Atlantic,1,Non-Profit,3,69.2,Medium-High Risk,66.7,69.2,69.2
330194,MAIMONIDES MEDICAL CENTER,NY,Mid-Atlantic,1,Non-Profit,6,69.2,Medium-High Risk,100,69.2,69.2
330195,LONG ISLAND JEWISH MEDICAL CENTER,NY,Mid-Atlantic,3,Non-Profit,5,52.6,Medium-High Risk,100,52.6,52.6
330196,SOUTH BROOKLYN HEALTH,NY,Mid-Atlantic,1,Non-Profit,4,69.2,Medium-High Risk,100,69.2,69.2
330197,CANTON-POTSDAM HOSPITAL,NY,Mid-Atlantic,2,Non-Profit,4,61.2,Medium-High Risk,50,61.2,61.2
330198,MOUNT SINAI SOUTH NASSAU,NY,Mid-Atlantic,2,Non-Profit,5,61.2,Medium-High Risk,20,61.2,61.2
330199,METROPOLITAN HOSPITAL CENTER,NY,Mid-Atlantic,1,Government,1,67.3,Medium-High Risk,0,67.3,67.3
330202,KINGS COUNTY HOSPITAL CENTER,NY,Mid-Atlantic,1,Government,3,67.3,Medium-High Risk,66.7,67.3,67.3
330203,CROUSE HOSPITAL,NY,Mid-Atlantic,2,Non-Profit,5,61.2,Medium-High Risk,60,61.2,61.2
330204,BELLEVUE HOSPITAL CENTER,NY,Mid-Atlantic,2,Government,3,59.1,Medium-High Risk,66.7,59.1,59.1
330205,ST ANTHONY COMMUNITY HOSPITAL,NY,Mid-Atlantic,5,Non-Profit,4,35.3,Medium Risk,0,35.3,35.3
330208,ST JOHN'S RIVERSIDE HOSPITAL,NY,Mid-Atlantic,1,Non-Profit,4,69.2,Medium-High Risk,25,69.2,69.2
330211,CLAXTON-HEPBURN MEDICAL CENTER,NY,Mid-Atlantic,4,Non-Profit,3,43.7,Medium Risk,33.3,43.7,43.7
330214,NYU LANGONE HOSPITALS,NY,Mid-Atlantic,5,Non-Profit,6,35.3,Medium Risk,16.7,35.3,35.3
330215,"ROME MEMORIAL HOSPITAL, INC",NY,Mid-Atlantic,1,Non-Profit,3,69.2,Medium-High Risk,100,69.2,69.2
330218,OSWEGO HOSPITAL,NY,Mid-Atlantic,3,Non-Profit,3,52.6,Medium-High Risk,66.7,52.6,52.6
330219,ERIE COUNTY MEDICAL CENTER,NY,Mid-Atlantic,2,Non-Profit,4,61.2,Medium-High Risk,50,61.2,61.2
330221,WYCKOFF HEIGHTS MEDICAL CENTER,NY,Mid-Atlantic,1,Non-Profit,4,69.2,Medium-High Risk,50,69.2,69.2
330222,SARATOGA HOSPITAL,NY,Mid-Atlantic,3,Non-Profit,5,52.6,Medium-High Risk,40,52.6,52.6
330224,HEALTHALLIANCE HOSPITAL MARYS AVENUE CAMPUS,NY,Mid-Atlantic,1,Non-Profit,4,69.2,Medium-High Risk,75,69.2,69.2
330226,UNITY HOSPITAL,NY,Mid-Atlantic,2,Non-Profit,5,61.2,Medium-High Risk,80,61.2,61.2
330229,"BROOKS-TLC HOSPITAL SYSTEM, INC",NY,Mid-Atlantic,3,Non-Profit,3,52.6,Medium-High Risk,33.3,52.6,52.6
330231,QUEENS HOSPITAL CENTER,NY,Mid-Atlantic,1,Non-Profit,3,69.2,Medium-High Risk,66.7,69.2,69.2
330233,BROOKDALE HOSPITAL MEDICAL CENTER,NY,Mid-Atlantic,1,Non-Profit,4,69.2,Medium-High Risk,75,69.2,69.2
330234,WESTCHESTER MEDICAL CENTER,NY,Mid-Atlantic,1,Non-Profit,6,69.2,Medium-High Risk,33.3,69.2,69.2
330235,AUBURN  COMMUNITY  HOSPITAL,NY,Mid-Atlantic,3,Non-Profit,4,52.6,Medium-High Risk,100,52.6,52.6
330238,NICHOLAS H NOYES MEMORIAL HOSPITAL,NY,Mid-Atlantic,2,Non-Profit,4,61.2,Medium-High Risk,25,61.2,61.2
330239,UPMC CHAUTAUQUA AT WCA,NY,Mid-Atlantic,3,Non-Profit,5,52.6,Medium-High Risk,40,52.6,52.6
330240,HARLEM HOSPITAL CENTER,NY,Mid-Atlantic,1,Government,3,67.3,Medium-High Risk,100,67.3,67.3
330241,UNIVERSITY HOSPITAL S U N Y HEALTH SCIENCE CENTER,NY,Mid-Atlantic,3,Government,6,50.3,Medium-High Risk,66.7,50.3,50.3
330246,ST CHARLES HOSPITAL,NY,Mid-Atlantic,4,Non-Profit,4,43.7,Medium Risk,25,43.7,43.7
330250,CHAMPLAIN VALLEY PHYSICIANS HOSPITAL MEDICAL CTR,NY,Mid-Atlantic,2,Non-Profit,5,61.2,Medium-High Risk,40,61.2,61.2
330259,MERCY MEDICAL CENTER,NY,Mid-Atlantic,3,Non-Profit,5,52.6,Medium-High Risk,20,52.6,52.6
330261,PHELPS HOSPITAL,NY,Mid-Atlantic,3,Non-Profit,4,52.6,Medium-High Risk,25,52.6,52.6
330264,ST LUKE'S CORNWALL HOSPITAL,NY,Mid-Atlantic,2,Non-Profit,5,61.2,Medium-High Risk,60,61.2,61.2
330265,CLIFTON SPRINGS HOSPITAL AND CLINIC,NY,Mid-Atlantic,3,Non-Profit,3,52.6,Medium-High Risk,100,52.6,52.6
330267,HUDSON VALLEY HOSPITAL CENTER,NY,Mid-Atlantic,3,Non-Profit,5,52.6,Medium-High Risk,0,52.6,52.6
330270,HOSPITAL FOR SPECIAL SURGERY,NY,Mid-Atlantic,5,Non-Profit,1,35.3,Medium Risk,0,35.3,35.3
330273,PUTNAM HOSPITAL CENTER,NY,Mid-Atlantic,3,Non-Profit,3,52.6,Medium-High Risk,33.3,52.6,52.6
330276,NATHAN LITTAUER HOSPITAL,NY,Mid-Atlantic,2,Non-Profit,3,61.2,Medium-High Risk,33.3,61.2,61.2
330277,CORNING HOSPITAL,NY,Mid-Atlantic,4,Non-Profit,4,43.7,Medium Risk,75,43.7,43.7
330279,MERCY HOSPITAL OF BUFFALO,NY,Mid-Atlantic,2,Non-Profit,5,61.2,Medium-High Risk,40,61.2,61.2
330285,STRONG MEMORIAL HOSPITAL,NY,Mid-Atlantic,2,Non-Profit,5,61.2,Medium-High Risk,60,61.2,61.2
330286,GOOD SAMARITAN HOSPITAL MEDICAL CENTER,NY,Mid-Atlantic,1,Non-Profit,6,69.2,Medium-High Risk,33.3,69.2,69.2
330304,WHITE PLAINS HOSPITAL CENTER,NY,Mid-Atlantic,5,Non-Profit,5,35.3,Medium Risk,40,35.3,35.3
330307,CAYUGA MEDICAL CENTER AT ITHACA,NY,Mid-Atlantic,4,Non-Profit,5,43.7,Medium Risk,40,43.7,43.7
330331,PLAINVIEW HOSPITAL,NY,Mid-Atlantic,3,Non-Profit,5,52.6,Medium-High Risk,80,52.6,52.6
330332,CHSLI ST JOSEPH HOSPITAL,NY,Mid-Atlantic,2,Non-Profit,5,61.2,Medium-High Risk,60,61.2,61.2
330350,SUNY/DOWNSTATE UNIVERSITY HOSPITAL OF BROOKLYN,NY,Mid-Atlantic,1,Government,4,67.3,Medium-High Risk,75,67.3,67.3
330386,GARNET HEALTH  MEDICAL CENTER CATSKILLS,NY,Mid-Atlantic,3,Non-Profit,3,52.6,Medium-High Risk,66.7,52.6,52.6
330393,SUNY/STONY BROOK UNIVERSITY HOSPITAL,NY,Mid-Atlantic,4,Government,6,41.6,Medium Risk,33.3,41.6,41.6
330394,"UNITED HEALTH SERVICES HOSPITALS, INC",NY,Mid-Atlantic,2,Non-Profit,6,61.2,Medium-High Risk,16.7,61.2,61.2
330395,ST JOHN'S EPISCOPAL HOSPITAL AT SOUTH SHORE,NY,Mid-Atlantic,1,Non-Profit,3,69.2,Medium-High Risk,100,69.2,69.2
330396,WOODHULL MEDICAL & MENTAL HEALTH CENTER,NY,Mid-Atlantic,2,Government,2,59.1,Medium-High Risk,100,59.1,59.1
330399,ST BARNABAS HOSPITAL,NY,Mid-Atlantic,1,Non-Profit,3,69.2,Medium-High Risk,100,69.2,69.2
330401,ST CATHERINE OF SIENA HOSPITAL MEDICAL CENTER,NY,Mid-Atlantic,3,Non-Profit,5,52.6,Medium-High Risk,20,52.6,52.6
340001,CAROLINAS MEDICAL CENTER-NORTHEAST,NC,South,4,Government,6,38.8,Medium Risk,0,38.8,38.8
340002,MEMORIAL MISSION HOSPITAL AND ASHEVILLE SURGERY CE,NC,South,4,Non-Profit,6,41,Medium Risk,0,41,41
340003,NORTHERN REGIONAL HOSPITAL,NC,South,5,Government,3,30.8,Medium Risk,33.3,30.8,30.8
340004,HIGH POINT REGIONAL HEALTH SYSTEM,NC,South,2,Non-Profit,5,58.5,Medium-High Risk,60,58.5,58.5
340008,SCOTLAND MEMORIAL HOSPITAL,NC,South,3,Non-Profit,5,49.7,Medium Risk,20,49.7,49.7
340010,UNC HEALTH CARE WAYNE,NC,South,3,Non-Profit,4,49.7,Medium Risk,25,49.7,49.7
340013,RUTHERFORD REGIONAL MEDICAL CENTER,NC,South,3,For-Profit,4,56.4,Medium-High Risk,25,56.4,56.4
340014,NOVANT HEALTH FORSYTH MEDICAL CENTER,NC,South,3,Non-Profit,6,49.7,Medium Risk,16.7,49.7,49.7
340015,NOVANT HEALTH ROWAN MEDICAL CENTER,NC,South,2,Non-Profit,5,58.5,Medium-High Risk,60,58.5,58.5
340016,HARRIS REGIONAL HOSPITAL,NC,South,3,For-Profit,4,56.4,Medium-High Risk,50,56.4,56.4
340017,MARGARET R PARDEE MEMORIAL HOSPITAL,NC,South,5,Government,5,30.8,Medium Risk,0,30.8,30.8
340020,CENTRAL CAROLINA HOSPITAL,NC,South,1,Non-Profit,3,66.8,Medium-High Risk,100,66.8,66.8
340021,ATRIUM HEALTH CLEVELAND,NC,South,3,Government,4,47.5,Medium Risk,50,47.5,47.5
340023,ADVENTHEALTH HENDERSONVILLE,NC,South,5,Non-Profit,4,32.8,Medium Risk,0,32.8,32.8
340024,SAMPSON REGIONAL MEDICAL CENTER,NC,South,3,Government,3,47.5,Medium Risk,100,47.5,47.5
340027,UNC LENOIR HEALTH CARE,NC,South,3,Non-Profit,4,49.7,Medium Risk,25,49.7,49.7
340028,CAPE FEAR VALLEY MEDICAL CENTER,NC,South,1,Non-Profit,6,66.8,Medium-High Risk,83.3,66.8,66.8
340030,DUKE UNIVERSITY HOSPITAL,NC,South,5,For-Profit,6,38.9,Medium Risk,0,38.9,38.9
340032,CAROMONT REGIONAL MEDICAL CENTER,NC,South,3,Non-Profit,6,49.7,Medium Risk,100,49.7,49.7
340039,IREDELL MEMORIAL HOSPITAL INC,NC,South,2,Non-Profit,5,58.5,Medium-High Risk,40,58.5,58.5
340040,ECU HEALTH MEDICAL CENTER,NC,South,2,Non-Profit,6,58.5,Medium-High Risk,50,58.5,58.5
340041,CALDWELL MEMORIAL HOSPITAL,NC,South,2,Non-Profit,5,58.5,Medium-High Risk,40,58.5,58.5
340042,ONSLOW MEMORIAL HOSPITAL,NC,South,2,Government,3,56.3,Medium-High Risk,66.7,56.3,56.3
340047,NORTH CAROLINA BAPTIST HOSPITAL,NC,South,3,Non-Profit,6,49.7,Medium Risk,50,49.7,49.7
340050,SOUTHEASTERN REGIONAL MEDICAL CENTER,NC,South,1,Non-Profit,4,66.8,Medium-High Risk,50,66.8,66.8
340051,WATAUGA MEDICAL CENTER,NC,South,3,Government,5,47.5,Medium Risk,80,47.5,47.5
340053,NOVANT HEALTH PRESBYTERIAN MEDICAL CENTER,NC,South,4,Non-Profit,6,41,Medium Risk,50,41,41
340060,UNC ROCKINGHAM,NC,South,2,Non-Profit,3,58.5,Medium-High Risk,100,58.5,58.5
340061,UNC HOSPITALS,NC,South,5,Government,6,30.8,Medium Risk,33.3,30.8,30.8
340064,WILKES REGIONAL MEDICAL CENTER,NC,South,2,Government,3,56.3,Medium-High Risk,66.7,56.3,56.3
340068,COLUMBUS REGIONAL HEALTHCARE SYSTEM,NC,South,1,Non-Profit,4,66.8,Medium-High Risk,75,66.8,66.8
340069,"WAKEMED, RALEIGH CAMPUS",NC,South,4,Non-Profit,6,41,Medium Risk,16.7,41,41
340070,ALAMANCE REGIONAL MEDICAL CENTER,NC,South,2,Non-Profit,5,58.5,Medium-High Risk,40,58.5,58.5
340071,BETSY JOHNSON REGIONAL HOSPITAL,NC,South,2,Non-Profit,4,58.5,Medium-High Risk,50,58.5,58.5
340075,"BLUE RIDGE HEALTHCARE HOSPITALS, INC",NC,South,3,For-Profit,4,56.4,Medium-High Risk,0,56.4,56.4
340085,NOVANT HEALTH THOMASVILLE MEDICAL CENTER,NC,South,3,Non-Profit,3,49.7,Medium Risk,66.7,49.7,49.7
340087,THE MCDOWELL HOSPITAL,NC,South,4,Non-Profit,3,41,Medium Risk,66.7,41,41
340090,JOHNSTON HEALTH,NC,South,3,Government,5,47.5,Medium Risk,80,47.5,47.5
340091,"MOSES H. CONE MEMORIAL HOSPITAL, THE",NC,South,4,Non-Profit,6,41,Medium Risk,33.3,41,41
340096,LEXINGTON MEMORIAL HOSPITAL INC,NC,South,3,Non-Profit,4,49.7,Medium Risk,75,49.7,49.7
340097,HUGH CHATHAM MEMORIAL HOSPITAL,NC,South,3,Non-Profit,4,49.7,Medium Risk,75,49.7,49.7
340098,ATRIUM HEALTH PINEVILLE,NC,South,3,Government,6,47.5,Medium Risk,50,47.5,47.5
340099,VIDANT ROANOKE CHOWAN HOSPITAL,NC,South,2,Non-Profit,3,58.5,Medium-High Risk,66.7,58.5,58.5
340107,VIDANT EDGECOMBE HOSPITAL,NC,South,2,Government,3,56.3,Medium-High Risk,33.3,56.3,56.3
340109,SENTARA ALBEMARLE MEDICAL CENTER,NC,South,3,Government,4,47.5,Medium Risk,0,47.5,47.5
340113,CAROLINAS MEDICAL CENTER/BEHAV HEALTH,NC,South,2,Government,6,56.3,Medium-High Risk,33.3,56.3,56.3
340114,REX HOSPITAL,NC,South,5,Government,6,30.8,Medium Risk,0,30.8,30.8
340115,FIRSTHEALTH MOORE REGIONAL HOSPITAL,NC,South,4,Non-Profit,6,41,Medium Risk,33.3,41,41
340116,FRYE REGIONAL MEDICAL CENTER,NC,South,1,For-Profit,5,72.5,High Risk,80,72.5,72.5
340119,STANLY REGIONAL MEDICAL CENTER,NC,South,4,Non-Profit,4,41,Medium Risk,75,41,41
340120,VIDANT DUPLIN HOSPITAL,NC,South,4,Government,3,38.8,Medium Risk,100,38.8,38.8
340123,RANDOLPH HOSPITAL,NC,South,3,Non-Profit,3,49.7,Medium Risk,66.7,49.7,49.7
340126,WILSON MEDICAL CENTER,NC,South,1,Non-Profit,5,66.8,Medium-High Risk,60,66.8,66.8
340127,GRANVILLE HEALTH SYSTEMS,NC,South,1,Government,2,64.8,Medium-High Risk,0,64.8,64.8
340129,LAKE NORMAN REGIONAL MEDICAL CENTER,NC,South,2,For-Profit,5,64.9,Medium-High Risk,60,64.9,64.9
340130,ATRIUM HEALTH UNION,NC,South,3,Government,5,47.5,Medium Risk,80,47.5,47.5
340131,CAROLINA EAST MEDICAL CENTER,NC,South,4,Government,6,38.8,Medium Risk,50,38.8,38.8
340132,MARIA PARHAM MEDICAL CENTER,NC,South,2,For-Profit,4,64.9,Medium-High Risk,75,64.9,64.9
340141,NOVANT HEALTH NEW HANOVER REGIONAL MEDICAL CENTER,NC,South,2,Government,6,56.3,Medium-High Risk,0,56.3,56.3
340142,CARTERET GENERAL HOSPITAL,NC,South,3,For-Profit,5,56.4,Medium-High Risk,80,56.4,56.4
340143,CATAWBA VALLEY MEDICAL CENTER,NC,South,4,Non-Profit,5,41,Medium Risk,20,41,41
340145,ATRIUM HEALTH LINCOLN,NC,South,5,Government,3,30.8,Medium Risk,33.3,30.8,30.8
340147,UNC HEALTH NASH,NC,South,4,Government,5,38.8,Medium Risk,60,38.8,38.8
340151,ECU HEALTH NORTH HOSPITAL,NC,South,1,Non-Profit,4,66.8,Medium-High Risk,75,66.8,66.8
340155,DUKE REGIONAL HOSPITAL,NC,South,4,Government,6,38.8,Medium Risk,66.7,38.8,38.8
340158,NOVANT HEALTH BRUNSWICK MEDICAL CENTER,NC,South,4,Non-Profit,4,41,Medium Risk,75,41,41
340166,ATRIUM HEALTH UNIVERSITY CITY,NC,South,4,Government,3,38.8,Medium Risk,33.3,38.8,38.8
340171,NOVANT HEALTH MATTHEWS MEDICAL CENTER,NC,South,4,Non-Profit,5,41,Medium Risk,40,41,41
340173,"WAKEMED, CARY HOSPITAL",NC,South,5,Non-Profit,5,32.8,Medium Risk,20,32.8,32.8
340183,NOVANT HEALTH HUNTERSVILLE MEDICAL CENTER,NC,South,3,Non-Profit,5,49.7,Medium Risk,60,49.7,49.7
340184,HAYWOOD REGIONAL MEDICAL CENTER,NC,South,3,Government,4,47.5,Medium Risk,75,47.5,47.5
340187,DAVIE MEDICAL CENTER,NC,South,5,Non-Profit,3,32.8,Medium Risk,33.3,32.8,32.8
340188,CAPE FEAR VALLEY HOKE HOSPITAL,NC,South,5,Non-Profit,4,32.8,Medium Risk,75,32.8,32.8
340190,NOVANT HEALTH MINT HILL MEDICAL CENTER,NC,South,4,Non-Profit,3,41,Medium Risk,0,41,41
350002,CHI ST ALEXIUS HEALTH,ND,Midwest,3,Non-Profit,6,48.1,Medium Risk,16.7,48.1,48.1
350006,TRINITY HOSPITALS,ND,Midwest,2,Non-Profit,5,56.9,Medium-High Risk,40,56.9,56.9
350011,SANFORD MEDICAL CENTER FARGO,ND,Midwest,5,Non-Profit,6,31.3,Medium Risk,0,31.3,31.3
350015,SANFORD MEDICAL CENTER BISMARCK,ND,Midwest,4,Non-Profit,5,39.4,Medium Risk,20,39.4,39.4
350019,ALTRU HOSPITAL,ND,Midwest,3,Government,6,45.9,Medium Risk,0,45.9,45.9
350070,ESSENTIA HEALTH,ND,Midwest,4,Non-Profit,6,39.4,Medium Risk,33.3,39.4,39.4
360001,MERCY HEALTH-ANDERSON HOSPITAL,OH,Midwest,3,Non-Profit,6,48.1,Medium Risk,50,48.1,48.1
360002,UNIVERSITY HOSPITALS SAMARITAN MEDICAL CENTER,OH,Midwest,4,Non-Profit,3,39.4,Medium Risk,66.7,39.4,39.4
360003,"UNIVERSITY OF CINCINNATI MEDICAL CENTER, LLC",OH,Midwest,3,Non-Profit,5,48.1,Medium Risk,40,48.1,48.1
360006,RIVERSIDE METHODIST HOSPITAL,OH,Midwest,5,Non-Profit,6,31.3,Medium Risk,0,31.3,31.3
360008,SOUTHERN OHIO MEDICAL CENTER,OH,Midwest,4,Non-Profit,6,39.4,Medium Risk,33.3,39.4,39.4
360009,LIMA MEMORIAL HEALTH SYSTEM,OH,Midwest,3,Non-Profit,5,48.1,Medium Risk,60,48.1,48.1
360010,UNION HOSPITAL,OH,Midwest,3,Non-Profit,3,48.1,Medium Risk,33.3,48.1,48.1
360011,MARION GENERAL HOSPITAL,OH,Midwest,4,Non-Profit,4,39.4,Medium Risk,25,39.4,39.4
360012,MOUNT CARMEL ST ANN'S,OH,Midwest,4,Non-Profit,6,39.4,Medium Risk,66.7,39.4,39.4
360013,WILSON MEMORIAL HOSPITAL,OH,Midwest,2,Non-Profit,4,56.9,Medium-High Risk,25,56.9,56.9
360014,OHIOHEALTH O'BLENESS HOSPITAL,OH,Midwest,5,Non-Profit,3,31.3,Medium Risk,33.3,31.3,31.3
360016,THE JEWISH HOSPITAL-MERCY HEALTH,OH,Midwest,4,Non-Profit,6,39.4,Medium Risk,66.7,39.4,39.4
360017,GRANT MEDICAL CENTER,OH,Midwest,3,Non-Profit,6,48.1,Medium Risk,33.3,48.1,48.1
360020,SUMMA HEALTH SYSTEM,OH,Midwest,2,Non-Profit,5,56.9,Medium-High Risk,80,56.9,56.9
360025,FIRELANDS REGIONAL MEDICAL CENTER,OH,Midwest,4,Non-Profit,5,39.4,Medium Risk,20,39.4,39.4
360027,AKRON GENERAL MEDICAL CENTER,OH,Midwest,4,Non-Profit,6,39.4,Medium Risk,50,39.4,39.4
360029,WOOD COUNTY HOSPITAL,OH,Midwest,4,Non-Profit,4,39.4,Medium Risk,50,39.4,39.4
360032,GRAND LAKE HEALTH SYSTEM,OH,Midwest,4,Non-Profit,3,39.4,Medium Risk,0,39.4,39.4
360035,MOUNT CARMEL EAST & WEST,OH,Midwest,2,Non-Profit,6,56.9,Medium-High Risk,66.7,56.9,56.9
360036,WOOSTER COMMUNITY HOSPITAL,OH,Midwest,5,Government,5,29.5,Low-Medium Risk,20,29.5,29.5
360039,GENESIS HOSPITAL,OH,Midwest,5,Non-Profit,5,31.3,Medium Risk,40,31.3,31.3
360040,KNOX COMMUNITY HOSPITAL,OH,Midwest,3,Non-Profit,4,48.1,Medium Risk,25,48.1,48.1
360041,PARMA COMMUNITY GENERAL HOSPITAL,OH,Midwest,5,Non-Profit,6,31.3,Medium Risk,83.3,31.3,31.3
360046,MCCULLOUGH-HYDE MEMORIAL HOSPITAL,OH,Midwest,4,Non-Profit,4,39.4,Medium Risk,75,39.4,39.4
360048,UNIVERSITY OF TOLEDO MEDICAL CENTER,OH,Midwest,3,Government,5,45.9,Medium Risk,60,45.9,45.9
360051,MIAMI VALLEY HOSPITAL,OH,Midwest,3,Non-Profit,6,48.1,Medium Risk,83.3,48.1,48.1
360054,HOLZER MEDICAL CENTER,OH,Midwest,4,Non-Profit,4,39.4,Medium Risk,0,39.4,39.4
360055,TRUMBULL REGIONAL MEDICAL CENTER,OH,Midwest,2,For-Profit,4,63.4,Medium-High Risk,75,63.4,63.4
360056,MERCY HEALTH - FAIRFIELD HOSPITAL,OH,Midwest,3,Non-Profit,6,48.1,Medium Risk,83.3,48.1,48.1
360058,MERCER COUNTY JOINT TOWNSHIP COMMUNITY HOSPITAL,OH,Midwest,4,Government,3,37.3,Medium Risk,66.7,37.3,37.3
360059,METROHEALTH SYSTEM,OH,Midwest,3,Non-Profit,6,48.1,Medium Risk,33.3,48.1,48.1
360064,ST ELIZABETH YOUNGSTOWN HOSPITAL,OH,Midwest,2,Non-Profit,6,56.9,Medium-High Risk,50,56.9,56.9
360065,FISHER-TITUS HOSPITAL,OH,Midwest,4,Non-Profit,5,39.4,Medium Risk,40,39.4,39.4
360066,MERCY HEALTH-ST RITA'S MEDICAL CENTER,OH,Midwest,4,Non-Profit,6,39.4,Medium Risk,50,39.4,39.4
360068,PROMEDICA TOLEDO HOSPITAL,OH,Midwest,4,Non-Profit,6,39.4,Medium Risk,16.7,39.4,39.4
360070,MERCY MEDICAL CENTER,OH,Midwest,2,Non-Profit,6,56.9,Medium-High Risk,66.7,56.9,56.9
360071,VAN WERT COUNTY HOSPITAL,OH,Midwest,5,Non-Profit,2,31.3,Medium Risk,0,31.3,31.3
360072,FAIRFIELD MEDICAL CENTER,OH,Midwest,1,Non-Profit,6,65.3,Medium-High Risk,100,65.3,65.3
360075,UH REGIONAL HOSPITALS,OH,Midwest,3,For-Profit,4,54.8,Medium-High Risk,50,54.8,54.8
360076,ATRIUM MEDICAL CENTER,OH,Midwest,4,Non-Profit,5,39.4,Medium Risk,60,39.4,39.4
360077,FAIRVIEW HOSPITAL,OH,Midwest,5,Non-Profit,6,31.3,Medium Risk,66.7,31.3,31.3
360078,UNIVERSITY HOSPITALS PORTAGE MEDICAL CENTER,OH,Midwest,4,Non-Profit,4,39.4,Medium Risk,50,39.4,39.4
360079,KETTERING HEALTH MAIN CAMPUS,OH,Midwest,4,Non-Profit,5,39.4,Medium Risk,80,39.4,39.4
360082,EUCLID HOSPITAL,OH,Midwest,4,Non-Profit,4,39.4,Medium Risk,75,39.4,39.4
360084,AULTMAN HOSPITAL,OH,Midwest,4,Non-Profit,5,39.4,Medium Risk,0,39.4,39.4
360085,OHIO STATE UNIVERSITY STATE HEALTH SYSTEM,OH,Midwest,4,Government,6,37.3,Medium Risk,66.7,37.3,37.3
360086,SPRINGFIELD REGIONAL MEDICAL CENTER,OH,Midwest,3,Non-Profit,5,48.1,Medium Risk,80,48.1,48.1
360087,LUTHERAN HOSPITAL,OH,Midwest,3,Non-Profit,3,48.1,Medium Risk,66.7,48.1,48.1
360089,MERCY HEALTH - TIFFIN HOSPITAL,OH,Midwest,5,Non-Profit,4,31.3,Medium Risk,25,31.3,31.3
360091,MEDINA HOSPITAL,OH,Midwest,5,Non-Profit,4,31.3,Medium Risk,25,31.3,31.3
360092,MEMORIAL HOSPITAL,OH,Midwest,5,Government,3,29.5,Low-Medium Risk,33.3,29.5,29.5
360095,BLANCHARD VALLEY HOSPITAL,OH,Midwest,4,Non-Profit,6,39.4,Medium Risk,50,39.4,39.4
360096,EAST LIVERPOOL CITY HOSPITAL,OH,Midwest,5,Non-Profit,4,31.3,Medium Risk,75,31.3,31.3
360098,LAKE HEALTH,OH,Midwest,3,Non-Profit,6,48.1,Medium Risk,66.7,48.1,48.1
360107,BELLEVUE HOSPITAL,OH,Midwest,2,Non-Profit,3,56.9,Medium-High Risk,33.3,56.9,56.9
360112,MERCY ST VINCENT MEDICAL CENTER,OH,Midwest,3,Non-Profit,6,48.1,Medium Risk,83.3,48.1,48.1
360118,OHIOHEALTH MANSFIELD HOSPITAL,OH,Midwest,3,Non-Profit,5,48.1,Medium Risk,40,48.1,48.1
360121,COMMUNITY HOSPITALS AND WELLNESS CENTERS,OH,Midwest,3,Non-Profit,5,48.1,Medium Risk,20,48.1,48.1
360123,UH ST JOHN MEDICAL CENTER,OH,Midwest,5,Non-Profit,5,31.3,Medium Risk,20,31.3,31.3
360125,ASHTABULA COUNTY MEDICAL CENTER,OH,Midwest,3,Non-Profit,4,48.1,Medium Risk,75,48.1,48.1
360131,ALLIANCE COMMUNITY HOSPITAL,OH,Midwest,4,Non-Profit,3,39.4,Medium Risk,0,39.4,39.4
360132,FORT HAMILTON HUGHES MEMORIAL HOSPITAL,OH,Midwest,4,Non-Profit,4,39.4,Medium Risk,50,39.4,39.4
360133,KETTERING HEALTH DAYTON,OH,Midwest,3,Non-Profit,5,48.1,Medium Risk,60,48.1,48.1
360134,GOOD SAMARITAN HOSPITAL,OH,Midwest,4,Non-Profit,5,39.4,Medium Risk,40,39.4,39.4
360137,UH CLEVELAND MEDICAL CENTER,OH,Midwest,3,Non-Profit,6,48.1,Medium Risk,66.7,48.1,48.1
360143,MARYMOUNT HOSPITAL,OH,Midwest,5,Non-Profit,4,31.3,Medium Risk,25,31.3,31.3
360144,SOUTH POINTE HOSPITAL,OH,Midwest,4,Non-Profit,3,39.4,Medium Risk,66.7,39.4,39.4
360145,UNIVERSITY HOSPITALS - ELYRIA MEDICAL CENTER,OH,Midwest,4,Non-Profit,6,39.4,Medium Risk,50,39.4,39.4
360147,MARIETTA MEMORIAL HOSPITAL,OH,Midwest,4,Non-Profit,4,39.4,Medium Risk,100,39.4,39.4
360150,SUMMA WESTERN RESERVE HOSPITAL,OH,Midwest,4,Non-Profit,3,39.4,Medium Risk,66.7,39.4,39.4
360152,DOCTORS HOSPITAL,OH,Midwest,3,Non-Profit,4,48.1,Medium Risk,25,48.1,48.1
360155,SOUTHWEST GENERAL HEALTH CENTER,OH,Midwest,4,Non-Profit,5,39.4,Medium Risk,80,39.4,39.4
360156,MEMORIAL HOSPITAL,OH,Midwest,3,Non-Profit,3,48.1,Medium Risk,0,48.1,48.1
360159,ADENA REGIONAL MEDICAL CENTER,OH,Midwest,3,Non-Profit,6,48.1,Medium Risk,16.7,48.1,48.1
360161,MH ST JOSEPH WARREN HOSPITAL,OH,Midwest,3,Non-Profit,4,48.1,Medium Risk,50,48.1,48.1
360163,CHRIST HOSPITAL,OH,Midwest,5,Non-Profit,6,31.3,Medium Risk,16.7,31.3,31.3
360170,BERGER HOSPITAL,OH,Midwest,2,Government,3,54.7,Medium-High Risk,66.7,54.7,54.7
360172,MERCY REGIONAL MEDICAL CENTER,OH,Midwest,3,Non-Profit,5,48.1,Medium Risk,60,48.1,48.1
360174,UPPER VALLEY MEDICAL CENTER,OH,Midwest,3,Non-Profit,4,48.1,Medium Risk,100,48.1,48.1
360175,CLINTON MEMORIAL HOSPITAL,OH,Midwest,2,Government,4,54.7,Medium-High Risk,75,54.7,54.7
360179,BETHESDA NORTH,OH,Midwest,3,Non-Profit,6,48.1,Medium Risk,66.7,48.1,48.1
360180,CLEVELAND CLINIC,OH,Midwest,5,Non-Profit,6,31.3,Medium Risk,50,31.3,31.3
360185,SALEM REGIONAL MEDICAL CENTER,OH,Midwest,3,Non-Profit,4,48.1,Medium Risk,25,48.1,48.1
360197,MARY RUTAN HOSPITAL,OH,Midwest,4,Non-Profit,4,39.4,Medium Risk,25,39.4,39.4
360203,SOUTHEASTERN OHIO REGIONAL MEDICAL CENTER,OH,Midwest,3,Non-Profit,3,48.1,Medium Risk,0,48.1,48.1
360210,GRADY MEMORIAL HOSPITAL,OH,Midwest,4,Non-Profit,3,39.4,Medium Risk,33.3,39.4,39.4
360211,TRINITY MEDICAL CTR EAST &TRINITY MEDICAL CTR WEST,OH,Midwest,2,Non-Profit,6,56.9,Medium-High Risk,66.7,56.9,56.9
360218,LICKING MEMORIAL HOSPITAL,OH,Midwest,3,Non-Profit,5,48.1,Medium Risk,60,48.1,48.1
360230,HILLCREST HOSPITAL,OH,Midwest,4,Non-Profit,6,39.4,Medium Risk,33.3,39.4,39.4
360234,MERCY HEALTH - WEST HOSPITAL,OH,Midwest,4,Non-Profit,5,39.4,Medium Risk,80,39.4,39.4
360236,MERCY HEALTH - CLERMONT HOSPITAL,OH,Midwest,4,Non-Profit,3,39.4,Medium Risk,66.7,39.4,39.4
360239,KETTERING HEALTH MIAMISBURG,OH,Midwest,3,Non-Profit,3,48.1,Medium Risk,66.7,48.1,48.1
360259,BAY PARK COMMUNITY HOSPITAL,OH,Midwest,3,Non-Profit,3,48.1,Medium Risk,66.7,48.1,48.1
360270,MERCY HEALTH - DEFIANCE HOSPITAL,OH,Midwest,4,For-Profit,3,46,Medium Risk,0,46,46
360276,HMHP ST ELIZABETH BOARDMAN HEALTH CENTER,OH,Midwest,3,Non-Profit,5,48.1,Medium Risk,40,48.1,48.1
360348,DUBLIN METHODIST HOSPITAL,OH,Midwest,3,Non-Profit,4,48.1,Medium Risk,25,48.1,48.1
360351,CRYSTAL CLINIC ORTHOPAEDIC CENTER,OH,Midwest,5,For-Profit,1,37.4,Medium Risk,0,37.4,37.4
360352,SURGICAL HOSPITAL AT SOUTHWOODS,OH,Midwest,5,For-Profit,1,37.4,Medium Risk,0,37.4,37.4
360354,WEST CHESTER HOSPITAL,OH,Midwest,4,Non-Profit,5,39.4,Medium Risk,40,39.4,39.4
360359,UNIVERSITY HOSPITALS AHUJA MEDICAL CENTER,OH,Midwest,4,Non-Profit,6,39.4,Medium Risk,83.3,39.4,39.4
360360,SOIN MEDICAL CENTER,OH,Midwest,3,Non-Profit,4,48.1,Medium Risk,75,48.1,48.1
360364,CLEVELAND CLINIC AVON HOSPITAL,OH,Midwest,5,Non-Profit,4,31.3,Medium Risk,50,31.3,31.3
360365,AVITA ONTARIO,OH,Midwest,4,Non-Profit,3,39.4,Medium Risk,66.7,39.4,39.4
360368,KETTERING HEALTH TROY,OH,Midwest,4,Non-Profit,3,39.4,Medium Risk,33.3,39.4,39.4
370001,HILLCREST MEDICAL CENTER,OK,South Central,2,For-Profit,6,65.6,Medium-High Risk,33.3,65.6,65.6
370002,ALLIANCEHEALTH WOODWARD,OK,South Central,2,For-Profit,4,65.6,Medium-High Risk,0,65.6,65.6
370006,INTEGRIS HEALTH PONCA CITY,OK,South Central,4,Non-Profit,4,41.7,Medium Risk,25,41.7,41.7
370008,NORMAN REGIONAL,OK,South Central,3,Government,6,48.3,Medium Risk,50,48.3,48.3
370013,"MERCY HOSPITAL OKLAHOMA CITY, INC",OK,South Central,4,Non-Profit,4,41.7,Medium Risk,25,41.7,41.7
370014,ALLIANCEHEALTH DURANT,OK,South Central,1,For-Profit,5,73.1,High Risk,100,73.1,73.1
370016,INTEGRIS BASS BAPTIST HEALTH CENTER,OK,South Central,4,Non-Profit,4,41.7,Medium Risk,25,41.7,41.7
370018,ASCENSION ST JOHN JANE PHILLIPS,OK,South Central,4,Non-Profit,5,41.7,Medium Risk,0,41.7,41.7
370019,GREAT PLAINS REGIONAL MEDICAL CENTER,OK,South Central,2,Non-Profit,3,59.2,Medium-High Risk,33.3,59.2,59.2
370020,MERCY HOSPITAL ADA,OK,South Central,5,Non-Profit,4,33.4,Medium Risk,75,33.4,33.4
370022,JACKSON COUNTY MEMORIAL HOSPITAL AUTHORITY,OK,South Central,3,Government,4,48.3,Medium Risk,0,48.3,48.3
370023,"DUNCAN REGIONAL HOSPITAL, INC",OK,South Central,3,Non-Profit,4,50.5,Medium-High Risk,25,50.5,50.5
370025,SAINT FRANCIS HOSPITAL MUSKOGEE,OK,South Central,4,Non-Profit,5,41.7,Medium Risk,80,41.7,41.7
370026,ST MARY'S REGIONAL MEDICAL CENTER,OK,South Central,4,For-Profit,5,48.4,Medium Risk,20,48.4,48.4
370028,"INTEGRIS BAPTIST MEDICAL CENTER, INC",OK,South Central,2,Non-Profit,6,59.2,Medium-High Risk,33.3,59.2,59.2
370034,MCALESTER REGIONAL HEALTH CENTER,OK,South Central,3,Government,5,48.3,Medium Risk,40,48.3,48.3
370037,SSM HEALTH ST ANTHONY HOSPITAL - OKLAHOMA CITY,OK,South Central,2,Non-Profit,6,59.2,Medium-High Risk,16.7,59.2,59.2
370039,HILLCREST HOSPITAL CLAREMORE,OK,South Central,2,For-Profit,4,65.6,Medium-High Risk,25,65.6,65.6
370047,"MERCY HOSPITAL ARDMORE, INC",OK,South Central,4,Non-Profit,4,41.7,Medium Risk,25,41.7,41.7
370049,STILLWATER MEDICAL CENTER,OK,South Central,4,Non-Profit,5,41.7,Medium Risk,80,41.7,41.7
370054,GRADY MEMORIAL HOSPITAL,OK,South Central,3,Government,4,48.3,Medium Risk,25,48.3,48.3
370056,COMANCHE COUNTY MEMORIAL HOSPITAL,OK,South Central,1,Government,6,65.5,Medium-High Risk,100,65.5,65.5
370078,OKLAHOMA STATE UNIVERSITY MEDICAL CENTER,OK,South Central,2,Non-Profit,5,59.2,Medium-High Risk,100,59.2,59.2
370089,NORTHEASTERN HEALTH SYSTEM,OK,South Central,2,Government,5,57.1,Medium-High Risk,80,57.1,57.1
370091,"SAINT FRANCIS HOSPITAL, INC",OK,South Central,4,Non-Profit,6,41.7,Medium Risk,50,41.7,41.7
370093,O U MEDICAL CENTER,OK,South Central,1,Non-Profit,5,67.4,Medium-High Risk,20,67.4,67.4
370094,SSM HEALTH ST ANTHONY HOSPITAL - MIDWEST,OK,South Central,1,Non-Profit,5,67.4,Medium-High Risk,80,67.4,67.4
370097,SOUTHWESTERN MEDICAL CENTER,OK,South Central,3,For-Profit,3,57.2,Medium-High Risk,33.3,57.2,57.2
370100,CHOCTAW MEMORIAL HOSPITAL,OK,South Central,2,Government,3,57.1,Medium-High Risk,33.3,57.1,57.1
370106,INTEGRIS SOUTHWEST MEDICAL CENTER,OK,South Central,3,Non-Profit,5,50.5,Medium-High Risk,20,50.5,50.5
370113,INTEGRIS GROVE HOSPITAL,OK,South Central,4,Non-Profit,4,41.7,Medium Risk,75,41.7,41.7
370114,ASCENSION ST JOHN MEDICAL CENTER,OK,South Central,2,Non-Profit,5,59.2,Medium-High Risk,40,59.2,59.2
370149,SSM HEALTH ST ANTHONY HOSPITAL - SHAWNEE,OK,South Central,3,Non-Profit,4,50.5,Medium-High Risk,25,50.5,50.5
370171,CHEROKEE NATION W W HASTINGS INDIAN HOSPITAL,OK,South Central,3,Non-Profit,3,50.5,Medium-High Risk,100,50.5,50.5
370178,MEMORIAL HOSPITAL,OK,South Central,5,Non-Profit,3,33.4,Medium Risk,33.3,33.4,33.4
370180,CHICKASAW NATION MEDICAL CENTER,OK,South Central,5,Non-Profit,3,33.4,Medium Risk,0,33.4,33.4
370202,HILLCREST HOSPITAL SOUTH,OK,South Central,4,For-Profit,5,48.4,Medium Risk,60,48.4,48.4
370203,"COMMUNITY HOSPITAL, LLC",OK,South Central,5,Other,1,46,Medium Risk,100,46,46
370210,"OKLAHOMA SURGICAL HOSPITAL, LLC",OK,South Central,5,Other,1,46,Medium Risk,0,46,46
370211,INTEGRIS CANADIAN VALLEY HOSPITAL,OK,South Central,3,Non-Profit,3,50.5,Medium-High Risk,66.7,50.5,50.5
370215,"OKLAHOMA HEART HOSPITAL, LLC",OK,South Central,4,Other,5,54.8,Medium-High Risk,60,54.8,54.8
370218,"SAINT FRANCIS HOSPITAL SOUTH, LLC",OK,South Central,4,Non-Profit,5,41.7,Medium Risk,60,41.7,41.7
370234,"OKLAHOMA HEART HOSPITAL SOUTH, LLC",OK,South Central,5,Other,5,46,Medium Risk,20,46,46
370235,ASCENSION ST JOHN BROKEN ARROW,OK,South Central,5,Non-Profit,3,33.4,Medium Risk,0,33.4,33.4
370236,INTEGRIS HEALTH EDMOND HOSPITAL,OK,South Central,4,Non-Profit,4,41.7,Medium Risk,25,41.7,41.7
370237,"SAINT FRANCIS HOSPITAL VINITA, INC",OK,South Central,4,Non-Profit,2,41.7,Medium Risk,50,41.7,41.7
380001,MID-COLUMBIA MEDICAL CENTER,OR,Pacific,2,Non-Profit,3,57.7,Medium-High Risk,0,57.7,57.7
380002,ASANTE THREE RIVERS MEDICAL CENTER,OR,Pacific,5,Non-Profit,4,32,Medium Risk,0,32,32
380004,PROVIDENCE ST VINCENT MEDICAL CENTER,OR,Pacific,4,Non-Profit,6,40.2,Medium Risk,33.3,40.2,40.2
380007,LEGACY EMANUEL MEDICAL CENTER,OR,Pacific,3,Non-Profit,5,48.9,Medium Risk,20,48.9,48.9
380009,OHSU HOSPITAL AND CLINICS,OR,Pacific,4,Non-Profit,5,40.2,Medium Risk,40,40.2,40.2
380014,GOOD SAMARITAN REGIONAL MEDICAL CENTER,OR,Pacific,2,Non-Profit,6,57.7,Medium-High Risk,33.3,57.7,57.7
380017,LEGACY GOOD SAMARITAN MEDICAL CENTER,OR,Pacific,5,Non-Profit,5,32,Medium Risk,20,32,32
380018,ASANTE ROGUE REGIONAL MEDICAL CENTER,OR,Pacific,5,Non-Profit,6,32,Medium Risk,16.7,32,32
380020,MCKENZIE-WILLAMETTE MEDICAL CENTER,OR,Pacific,4,Non-Profit,6,40.2,Medium Risk,0,40.2,40.2
380021,HILLSBORO MEDICAL CENTER,OR,Pacific,3,Non-Profit,4,48.9,Medium Risk,50,48.9,48.9
380022,SAMARITAN ALBANY GENERAL HOSPITAL,OR,Pacific,3,Non-Profit,4,48.9,Medium Risk,0,48.9,48.9
380025,LEGACY MOUNT HOOD MEDICAL CENTER,OR,Pacific,4,Non-Profit,3,40.2,Medium Risk,0,40.2,40.2
380027,MERCY MEDICAL CENTER,OR,Pacific,4,Government,4,38.1,Medium Risk,0,38.1,38.1
380037,PROVIDENCE NEWBERG MEDICAL CENTER,OR,Pacific,3,Non-Profit,3,48.9,Medium Risk,0,48.9,48.9
380038,PROVIDENCE WILLAMETTE FALLS MEDICAL CENTER,OR,Pacific,4,Non-Profit,3,40.2,Medium Risk,33.3,40.2,40.2
380047,ST CHARLES MEDICAL CENTER - BEND,OR,Pacific,4,Non-Profit,6,40.2,Medium Risk,16.7,40.2,40.2
380050,SKY LAKES MEDICAL CENTER,OR,Pacific,4,Non-Profit,5,40.2,Medium Risk,40,40.2,40.2
380051,SALEM HOSPITAL,OR,Pacific,4,Non-Profit,6,40.2,Medium Risk,0,40.2,40.2
380052,"SAINT ALPHONSUS MEDICAL CENTER - ONTARIO, INC",OR,Pacific,3,Non-Profit,3,48.9,Medium Risk,66.7,48.9,48.9
380056,SANTIAM HOSPITAL,OR,Pacific,3,Non-Profit,2,48.9,Medium Risk,0,48.9,48.9
380060,ADVENTIST HEALTH PORTLAND,OR,Pacific,2,Non-Profit,5,57.7,Medium-High Risk,40,57.7,57.7
380061,PROVIDENCE PORTLAND MEDICAL CENTER,OR,Pacific,3,Non-Profit,5,48.9,Medium Risk,40,48.9,48.9
380071,WILLAMETTE VALLEY MEDICAL CENTER,OR,Pacific,3,Non-Profit,4,48.9,Medium Risk,50,48.9,48.9
380075,PROVIDENCE MEDFORD MEDICAL CENTER,OR,Pacific,3,Non-Profit,5,48.9,Medium Risk,40,48.9,48.9
380082,PROVIDENCE MILWAUKIE HOSPITAL,OR,Pacific,4,Non-Profit,2,40.2,Medium Risk,0,40.2,40.2
380089,LEGACY MERIDIAN PARK MEDICAL CENTER,OR,Pacific,2,Non-Profit,5,57.7,Medium-High Risk,80,57.7,57.7
380090,BAY AREA HOSPITAL,OR,Pacific,2,Government,5,55.5,Medium-High Risk,60,55.5,55.5
380091,KAISER SUNNYSIDE MEDICAL CENTER,OR,Pacific,3,Non-Profit,3,48.9,Medium Risk,33.3,48.9,48.9
380102,SACRED HEART MEDICAL CENTER - RIVERBEND,OR,Pacific,4,Non-Profit,6,40.2,Medium Risk,16.7,40.2,40.2
380103,KAISER FOUNDATION HOSPITAL WESTSIDE,OR,Pacific,5,Non-Profit,1,32,Medium Risk,0,32,32
390001,GEISINGER-COMMUNITY MEDICAL CENTER,PA,Mid-Atlantic,4,Non-Profit,6,43.7,Medium Risk,33.3,43.7,43.7
390002,UPMC MCKEESPORT HOSPITAL,PA,Mid-Atlantic,3,Non-Profit,3,52.6,Medium-High Risk,66.7,52.6,52.6
390004,PENN STATE HEALTH HOLY SPIRIT MEDICAL CENTER,PA,Mid-Atlantic,2,Non-Profit,5,61.2,Medium-High Risk,80,61.2,61.2
390006,GEISINGER MEDICAL CENTER,PA,Mid-Atlantic,4,Non-Profit,6,43.7,Medium Risk,50,43.7,43.7
390009,SAINT VINCENT HOSPITAL,PA,Mid-Atlantic,3,Non-Profit,6,52.6,Medium-High Risk,50,52.6,52.6
390012,LANSDALE HOSPITAL,PA,Mid-Atlantic,1,Non-Profit,5,69.2,Medium-High Risk,60,69.2,69.2
390013,WELLSPAN EVANGELICAL COMMUNITY HOSPITAL,PA,Mid-Atlantic,4,Non-Profit,5,43.7,Medium Risk,40,43.7,43.7
390016,UPMC JAMESON,PA,Mid-Atlantic,3,Non-Profit,5,52.6,Medium-High Risk,60,52.6,52.6
390026,TEMPLE HEALTH - CHESTNUT HILL HOSPITAL,PA,Mid-Atlantic,2,Non-Profit,4,61.2,Medium-High Risk,75,61.2,61.2
390027,TEMPLE UNIVERSITY HOSPITAL,PA,Mid-Atlantic,3,Non-Profit,6,52.6,Medium-High Risk,50,52.6,52.6
390028,UPMC MERCY,PA,Mid-Atlantic,3,Non-Profit,4,52.6,Medium-High Risk,25,52.6,52.6
390030,SCHUYLKILL MEDICAL CENTER - SOUTH JACKSON STREET,PA,Mid-Atlantic,3,Non-Profit,4,52.6,Medium-High Risk,50,52.6,52.6
390032,ALLEGHENY VALLEY HOSPITAL,PA,Mid-Atlantic,3,Non-Profit,3,52.6,Medium-High Risk,33.3,52.6,52.6
390035,ST LUKES QUAKERTOWN HOSPITAL,PA,Mid-Atlantic,5,Non-Profit,3,35.3,Medium Risk,66.7,35.3,35.3
390036,HERITAGE VALLEY BEAVER,PA,Mid-Atlantic,3,Non-Profit,6,52.6,Medium-High Risk,50,52.6,52.6
390037,HERITAGE VALLEY SEWICKLEY,PA,Mid-Atlantic,4,Non-Profit,4,43.7,Medium Risk,25,43.7,43.7
390039,UPMC SOMERSET,PA,Mid-Atlantic,4,Non-Profit,4,43.7,Medium Risk,50,43.7,43.7
390041,UNIONTOWN HOSPITAL,PA,Mid-Atlantic,1,Non-Profit,4,69.2,Medium-High Risk,75,69.2,69.2
390042,"WASHINGTON HOSPITAL, THE",PA,Mid-Atlantic,4,Non-Profit,6,43.7,Medium Risk,66.7,43.7,43.7
390044,READING HOSPITAL,PA,Mid-Atlantic,3,Non-Profit,6,52.6,Medium-High Risk,50,52.6,52.6
390045,UPMC WILLIAMSPORT,PA,Mid-Atlantic,3,Non-Profit,6,52.6,Medium-High Risk,66.7,52.6,52.6
390046,WELLSPAN YORK HOSPITAL,PA,Mid-Atlantic,4,Non-Profit,5,43.7,Medium Risk,40,43.7,43.7
390048,GEISINGER-LEWISTOWN HOSPITAL,PA,Mid-Atlantic,5,Non-Profit,3,35.3,Medium Risk,0,35.3,35.3
390049,ST LUKE'S HOSPITAL BETHLEHEM,PA,Mid-Atlantic,5,Non-Profit,6,35.3,Medium Risk,66.7,35.3,35.3
390050,ALLEGHENY GENERAL HOSPITAL,PA,Mid-Atlantic,3,Non-Profit,6,52.6,Medium-High Risk,50,52.6,52.6
390056,PENN HIGHLANDS HUNTINGDON,PA,Mid-Atlantic,3,Non-Profit,5,52.6,Medium-High Risk,40,52.6,52.6
390057,GRAND VIEW HEALTH,PA,Mid-Atlantic,5,Non-Profit,5,35.3,Medium Risk,40,35.3,35.3
390058,UPMC CARLISLE,PA,Mid-Atlantic,4,Non-Profit,4,43.7,Medium Risk,25,43.7,43.7
390062,CONEMAUGH NASON MEDICAL CENTER,PA,Mid-Atlantic,4,Non-Profit,3,43.7,Medium Risk,0,43.7,43.7
390063,UPMC HAMOT,PA,Mid-Atlantic,3,Non-Profit,6,52.6,Medium-High Risk,50,52.6,52.6
390065,GETTYSBURG HOSPITAL,PA,Mid-Atlantic,5,Non-Profit,4,35.3,Medium Risk,0,35.3,35.3
390066,WELLSPAN GOOD SAMARITAN HOSPITAL,PA,Mid-Atlantic,5,Non-Profit,5,35.3,Medium Risk,20,35.3,35.3
390067,UPMC PINNACLE HOSPITALS,PA,Mid-Atlantic,5,Non-Profit,6,35.3,Medium Risk,33.3,35.3,35.3
390068,UPMC LITITZ,PA,Mid-Atlantic,4,Non-Profit,4,43.7,Medium Risk,25,43.7,43.7
390070,LOWER BUCKS HOSPITAL,PA,Mid-Atlantic,3,For-Profit,4,59.2,Medium-High Risk,50,59.2,59.2
390073,UPMC ALTOONA,PA,Mid-Atlantic,2,Non-Profit,6,61.2,Medium-High Risk,33.3,61.2,61.2
390079,ROBERT PACKER HOSPITAL,PA,Mid-Atlantic,2,Non-Profit,6,61.2,Medium-High Risk,0,61.2,61.2
390086,PENN HIGHLANDS DUBOIS,PA,Mid-Atlantic,2,Non-Profit,6,61.2,Medium-High Risk,50,61.2,61.2
390090,WEST PENN HOSPITAL,PA,Mid-Atlantic,3,Non-Profit,3,52.6,Medium-High Risk,0,52.6,52.6
390091,UPMC NORTHWEST,PA,Mid-Atlantic,4,Non-Profit,4,43.7,Medium Risk,50,43.7,43.7
390096,PENN STATE HEALTH ST. JOSEPH,PA,Mid-Atlantic,4,Non-Profit,5,43.7,Medium Risk,0,43.7,43.7
390097,HOLY REDEEMER HOSPITAL AND MEDICAL CENTER,PA,Mid-Atlantic,3,Non-Profit,5,52.6,Medium-High Risk,40,52.6,52.6
390100,LANCASTER GENERAL HOSPITAL,PA,Mid-Atlantic,5,Non-Profit,6,35.3,Medium Risk,66.7,35.3,35.3
390101,UPMC MEMORIAL,PA,Mid-Atlantic,4,Non-Profit,5,43.7,Medium Risk,40,43.7,43.7
390102,UPMC ST MARGARET,PA,Mid-Atlantic,4,Non-Profit,4,43.7,Medium Risk,75,43.7,43.7
390107,UPMC PASSAVANT,PA,Mid-Atlantic,4,Non-Profit,6,43.7,Medium Risk,66.7,43.7,43.7
390110,CONEMAUGH MEMORIAL MEDICAL CENTER,PA,Mid-Atlantic,3,For-Profit,5,59.2,Medium-High Risk,60,59.2,59.2
390111,HOSPITAL OF UNIV OF PENNSYLVANIA,PA,Mid-Atlantic,5,Non-Profit,5,35.3,Medium Risk,40,35.3,35.3
390112,CHAN SOON- SHIONG MEDICAL CENTER AT WINDBER,PA,Mid-Atlantic,4,Non-Profit,4,43.7,Medium Risk,50,43.7,43.7
390113,MEADVILLE MEDICAL CENTER,PA,Mid-Atlantic,3,Non-Profit,5,52.6,Medium-High Risk,20,52.6,52.6
390114,MAGEE WOMENS HOSPITAL OF UPMC HEALTH SYSTEM,PA,Mid-Atlantic,3,Non-Profit,3,52.6,Medium-High Risk,66.7,52.6,52.6
390115,JEFFERSON HEALTH- NORTHEAST,PA,Mid-Atlantic,1,Non-Profit,6,69.2,Medium-High Risk,100,69.2,69.2
390116,SUBURBAN COMMUNITY HOSPITAL,PA,Mid-Atlantic,4,Non-Profit,2,43.7,Medium Risk,100,43.7,43.7
390123,POTTSTOWN HOSPITAL,PA,Mid-Atlantic,3,Non-Profit,5,52.6,Medium-High Risk,80,52.6,52.6
390125,WAYNE MEMORIAL HOSPITAL,PA,Mid-Atlantic,4,Non-Profit,5,43.7,Medium Risk,40,43.7,43.7
390127,PHOENIXVILLE HOSPITAL,PA,Mid-Atlantic,3,For-Profit,4,59.2,Medium-High Risk,100,59.2,59.2
390133,LEHIGH VALLEY HOSPITAL,PA,Mid-Atlantic,4,Non-Profit,6,43.7,Medium Risk,83.3,43.7,43.7
390137,WILKES-BARRE GENERAL HOSPITAL,PA,Mid-Atlantic,1,For-Profit,6,74.7,High Risk,66.7,74.7,74.7
390138,WELLSPAN WAYNESBORO HOSPITAL,PA,Mid-Atlantic,4,Non-Profit,3,43.7,Medium Risk,33.3,43.7,43.7
390139,BRYN MAWR HOSPITAL,PA,Mid-Atlantic,5,Non-Profit,5,35.3,Medium Risk,100,35.3,35.3
390142,ALBERT EINSTEIN MEDICAL CENTER,PA,Mid-Atlantic,3,Non-Profit,5,52.6,Medium-High Risk,80,52.6,52.6
390145,EXCELA HEALTH WESTMORELAND REGIONAL HOSPITAL,PA,Mid-Atlantic,3,Non-Profit,6,52.6,Medium-High Risk,33.3,52.6,52.6
390146,WARREN GENERAL HOSPITAL,PA,Mid-Atlantic,2,Non-Profit,4,61.2,Medium-High Risk,75,61.2,61.2
390147,PENN HIGHLANDS MON VALLEY,PA,Mid-Atlantic,1,Non-Profit,5,69.2,Medium-High Risk,60,69.2,69.2
390151,WELLSPAN CHAMBERSBURG HOSPITAL,PA,Mid-Atlantic,4,Non-Profit,4,43.7,Medium Risk,0,43.7,43.7
390153,PAOLI HOSPITAL,PA,Mid-Atlantic,5,Non-Profit,5,35.3,Medium Risk,40,35.3,35.3
390156,MERCY CATHOLIC MEDICAL CENTER- MERCY FITZGERALD,PA,Mid-Atlantic,2,Non-Profit,4,61.2,Medium-High Risk,75,61.2,61.2
390160,CANONSBURG GENERAL HOSPITAL,PA,Mid-Atlantic,2,Non-Profit,3,61.2,Medium-High Risk,33.3,61.2,61.2
390162,ST LUKE'S HOSPITAL - EASTON CAMPUS,PA,Mid-Atlantic,5,Non-Profit,3,35.3,Medium Risk,33.3,35.3,35.3
390163,ACMH HOSPITAL,PA,Mid-Atlantic,1,Non-Profit,4,69.2,Medium-High Risk,75,69.2,69.2
390164,UPMC PRESBYTERIAN SHADYSIDE,PA,Mid-Atlantic,4,Non-Profit,6,43.7,Medium Risk,66.7,43.7,43.7
390168,INDEPENDENCE HEALTH SYSTEM BUTLER MEMORIAL HOSPITA,PA,Mid-Atlantic,2,Non-Profit,6,61.2,Medium-High Risk,66.7,61.2,61.2
390173,INDIANA REGIONAL MEDICAL CENTER,PA,Mid-Atlantic,3,Non-Profit,5,52.6,Medium-High Risk,60,52.6,52.6
390174,THOMAS JEFFERSON UNIVERSITY HOSPITAL,PA,Mid-Atlantic,4,Non-Profit,6,43.7,Medium Risk,66.7,43.7,43.7
390178,UPMC HORIZON,PA,Mid-Atlantic,4,Non-Profit,3,43.7,Medium Risk,100,43.7,43.7
390179,CHESTER COUNTY HOSPITAL,PA,Mid-Atlantic,5,Non-Profit,6,35.3,Medium Risk,50,35.3,35.3
390180,CROZER CHESTER MEDICAL CENTER,PA,Mid-Atlantic,2,Non-Profit,4,61.2,Medium-High Risk,50,61.2,61.2
390183,ST LUKE'S MINERS MEMORIAL HOSPITAL,PA,Mid-Atlantic,5,Non-Profit,3,35.3,Medium Risk,66.7,35.3,35.3
390185,LEHIGH VALLEY HOSPITAL - HAZLETON,PA,Mid-Atlantic,3,Non-Profit,4,52.6,Medium-High Risk,75,52.6,52.6
390195,MAIN LINE HOSPITAL LANKENAU,PA,Mid-Atlantic,4,Non-Profit,6,43.7,Medium Risk,66.7,43.7,43.7
390198,MILLCREEK COMMUNITY HOSPITAL,PA,Mid-Atlantic,2,Non-Profit,2,61.2,Medium-High Risk,100,61.2,61.2
390201,LEHIGH VALLEY HOSPITAL - POCONO,PA,Mid-Atlantic,3,Non-Profit,6,52.6,Medium-High Risk,83.3,52.6,52.6
390203,DOYLESTOWN HOSPITAL,PA,Mid-Atlantic,4,Non-Profit,6,43.7,Medium Risk,66.7,43.7,43.7
390204,NAZARETH HOSPITAL,PA,Mid-Atlantic,1,Non-Profit,4,69.2,Medium-High Risk,75,69.2,69.2
390211,SHARON REGIONAL HEALTH SYSTEM,PA,Mid-Atlantic,2,For-Profit,5,67.4,Medium-High Risk,40,67.4,67.4
390219,EXCELA HEALTH LATROBE HOSPITAL,PA,Mid-Atlantic,4,Non-Profit,5,43.7,Medium Risk,0,43.7,43.7
390222,RIDDLE MEMORIAL HOSPITAL,PA,Mid-Atlantic,3,Non-Profit,5,52.6,Medium-High Risk,20,52.6,52.6
390223,PENN PRESBYTERIAN MEDICAL CENTER,PA,Mid-Atlantic,5,Non-Profit,6,35.3,Medium Risk,50,35.3,35.3
390225,WELLSPAN EPHRATA COMMUNITY HOSPITAL,PA,Mid-Atlantic,5,Non-Profit,4,35.3,Medium Risk,25,35.3,35.3
390226,PENNSYLVANIA HOSPITAL,PA,Mid-Atlantic,4,Non-Profit,5,43.7,Medium Risk,80,43.7,43.7
390228,ST CLAIR HOSPITAL,PA,Mid-Atlantic,4,Non-Profit,6,43.7,Medium Risk,50,43.7,43.7
390231,ABINGTON MEMORIAL HOSPITAL,PA,Mid-Atlantic,2,For-Profit,6,67.4,Medium-High Risk,50,67.4,67.4
390233,UPMC HANOVER,PA,Mid-Atlantic,4,Non-Profit,5,43.7,Medium Risk,40,43.7,43.7
390237,REGIONAL HOSPITAL OF SCRANTON,PA,Mid-Atlantic,2,For-Profit,6,67.4,Medium-High Risk,50,67.4,67.4
390256,MILTON S HERSHEY MEDICAL CENTER,PA,Mid-Atlantic,3,Non-Profit,6,52.6,Medium-High Risk,33.3,52.6,52.6
390258,ST MARY MEDICAL CENTER,PA,Mid-Atlantic,2,Non-Profit,6,61.2,Medium-High Risk,50,61.2,61.2
390265,JEFFERSON HOSPITAL,PA,Mid-Atlantic,2,Non-Profit,6,61.2,Medium-High Risk,50,61.2,61.2
390266,GROVE CITY MEDICAL CENTER,PA,Mid-Atlantic,3,Non-Profit,2,52.6,Medium-High Risk,0,52.6,52.6
390267,FORBES HOSPITAL,PA,Mid-Atlantic,3,Non-Profit,6,52.6,Medium-High Risk,83.3,52.6,52.6
390268,MOUNT NITTANY MEDICAL CENTER,PA,Mid-Atlantic,5,Non-Profit,5,35.3,Medium Risk,20,35.3,35.3
390270,GEISINGER WYOMING VALLEY MEDICAL CENTER,PA,Mid-Atlantic,3,Non-Profit,6,52.6,Medium-High Risk,33.3,52.6,52.6
390304,ROXBOROUGH MEMORIAL HOSPITAL,PA,Mid-Atlantic,4,For-Profit,3,50.4,Medium-High Risk,66.7,50.4,50.4
390326,ST LUKE'S HOSPITAL - ANDERSON CAMPUS,PA,Mid-Atlantic,5,Non-Profit,5,35.3,Medium Risk,80,35.3,35.3
390328,UPMC EAST,PA,Mid-Atlantic,4,Non-Profit,5,43.7,Medium Risk,40,43.7,43.7
390329,JEFFERSON EINSTEIN MONTGOMERY HOSPITAL,PA,Mid-Atlantic,4,Non-Profit,6,43.7,Medium Risk,100,43.7,43.7
390330,ST LUKE'S HOSPITAL - MONROE CAMPUS,PA,Mid-Atlantic,5,Non-Profit,5,35.3,Medium Risk,80,35.3,35.3
390332,GEISINGER ST. LUKE'S  HOSPITAL,PA,Mid-Atlantic,5,Non-Profit,3,35.3,Medium Risk,66.7,35.3,35.3
390334,AHN WEXFORD HOSPITAL,PA,Mid-Atlantic,5,Non-Profit,3,35.3,Medium Risk,33.3,35.3,35.3
390335,ST LUKE'S HOSPITAL - CARBON CAMPUS,PA,Mid-Atlantic,4,Non-Profit,4,43.7,Medium Risk,75,43.7,43.7
410004,ROGER WILLIAMS MEDICAL CENTER,RI,Northeast,4,For-Profit,3,55.3,Medium-High Risk,0,55.3,55.3
410005,OUR LADY OF FATIMA HOSPITAL,RI,Northeast,3,For-Profit,3,63.8,Medium-High Risk,0,63.8,63.8
410006,NEWPORT HOSPITAL,RI,Northeast,4,Non-Profit,4,48.6,Medium Risk,0,48.6,48.6
410007,RHODE ISLAND HOSPITAL,RI,Northeast,3,Other,6,50,Medium-High Risk,50,50,50
410008,SOUTH COUNTY HOSPITAL INC,RI,Northeast,5,Non-Profit,5,39.9,Medium Risk,60,39.9,39.9
410009,KENT COUNTY MEMORIAL HOSPITAL,RI,Northeast,3,For-Profit,5,63.8,Medium-High Risk,40,63.8,63.8
410011,LANDMARK MEDICAL CENTER,RI,Northeast,3,Non-Profit,4,57.4,Medium-High Risk,100,57.4,57.4
410012,THE MIRIAM HOSPITAL,RI,Northeast,5,Non-Profit,5,39.9,Medium Risk,40,39.9,39.9
410013,WESTERLY HOSPITAL,RI,Northeast,5,Non-Profit,3,39.9,Medium Risk,0,39.9,39.9
420002,PIEDMONT MEDICAL CENTER,SC,South,2,For-Profit,6,64.9,Medium-High Risk,50,64.9,64.9
420004,MUSC MEDICAL CENTER,SC,South,2,Government,6,56.3,Medium-High Risk,66.7,56.3,56.3
420005,MCLEOD MEDICAL CENTER - DILLON,SC,South,3,Non-Profit,3,49.7,Medium Risk,66.7,49.7,49.7
420007,SPARTANBURG MEDICAL CENTER,SC,South,2,Government,6,56.3,Medium-High Risk,33.3,56.3,56.3
420009,PRISMA HEALTH OCONEE MEMORIAL HOSPITAL,SC,South,3,Non-Profit,5,49.7,Medium Risk,80,49.7,49.7
420010,CAROLINA PINES REGIONAL MEDICAL CENTER,SC,South,3,For-Profit,3,56.4,Medium-High Risk,100,56.4,56.4
420015,PRISMA HEALTH BAPTIST EASLEY HOSPITAL,SC,South,3,Non-Profit,3,49.7,Medium Risk,33.3,49.7,49.7
420018,PRISMA HEALTH RICHLAND HOSPITAL,SC,South,3,Non-Profit,5,49.7,Medium Risk,40,49.7,49.7
420020,TIDELANDS GEORGETOWN MEMORIAL HOSPITAL,SC,South,2,Non-Profit,4,58.5,Medium-High Risk,100,58.5,58.5
420023,ST FRANCIS-DOWNTOWN,SC,South,3,Non-Profit,6,49.7,Medium Risk,16.7,49.7,49.7
420026,MUSC HEALTH COLUMBIA MEDICAL CENTER DOWNTOWN,SC,South,4,Non-Profit,6,41,Medium Risk,16.7,41,41
420027,ANMED HEALTH,SC,South,3,Non-Profit,5,49.7,Medium Risk,20,49.7,49.7
420030,COLLETON MEDICAL CENTER,SC,South,3,For-Profit,4,56.4,Medium-High Risk,75,56.4,56.4
420033,PRISMA HEALTH GREER MEMORIAL HOSPITAL,SC,South,4,Non-Profit,3,41,Medium Risk,0,41,41
420036,MUSC HEALTH LANCASTER MEDICAL CENTER,SC,South,3,For-Profit,3,56.4,Medium-High Risk,33.3,56.4,56.4
420037,PRISMA HEALTH HILLCREST HOSPITAL,SC,South,3,Non-Profit,3,49.7,Medium Risk,33.3,49.7,49.7
420038,PRISMA HEALTH LAURENS COUNTY HOSPITAL,SC,South,3,Non-Profit,3,49.7,Medium Risk,66.7,49.7,49.7
420043,CHEROKEE MEDICAL CENTER,SC,South,2,Government,3,56.3,Medium-High Risk,33.3,56.3,56.3
420048,KERSHAWHEALTH,SC,South,3,For-Profit,4,56.4,Medium-High Risk,25,56.4,56.4
420049,CONWAY MEDICAL CENTER,SC,South,3,Non-Profit,5,49.7,Medium Risk,80,49.7,49.7
420051,MCLEOD REGIONAL MEDICAL CENTER-PEE DEE,SC,South,2,Non-Profit,6,58.5,Medium-High Risk,83.3,58.5,58.5
420053,NEWBERRY COUNTY MEMORIAL HOSPITAL,SC,South,4,Non-Profit,3,41,Medium Risk,0,41,41
420055,MUSC HEALTH MARION MEDICAL CENTER,SC,South,2,Government,3,56.3,Medium-High Risk,66.7,56.3,56.3
420065,BON SECOURS-ST FRANCIS XAVIER HOSPITAL,SC,South,5,Non-Profit,3,32.8,Medium Risk,33.3,32.8,32.8
420067,BEAUFORT COUNTY MEMORIAL HOSPITAL,SC,South,4,Government,5,38.8,Medium Risk,80,38.8,38.8
420070,PRISMA HEALTH TUOMEY HOSPITAL,SC,South,2,Non-Profit,4,58.5,Medium-High Risk,50,58.5,58.5
420071,SELF REGIONAL HEALTHCARE,SC,South,2,Non-Profit,6,58.5,Medium-High Risk,16.7,58.5,58.5
420073,LEXINGTON MEDICAL CENTER,SC,South,3,Government,6,47.5,Medium Risk,83.3,47.5,47.5
420078,PRISMA HEALTH GREENVILLE MEMORIAL HOSPITAL,SC,South,3,Non-Profit,5,49.7,Medium Risk,80,49.7,49.7
420079,TRIDENT MEDICAL CENTER,SC,South,3,For-Profit,6,56.4,Medium-High Risk,50,56.4,56.4
420080,HILTON HEAD REGIONAL MEDICAL CENTER,SC,South,4,Non-Profit,6,41,Medium Risk,100,41,41
420082,AIKEN REGIONAL MEDICAL CENTER,SC,South,2,For-Profit,6,64.9,Medium-High Risk,50,64.9,64.9
420085,GRAND STRAND REGIONAL MEDICAL CENTER,SC,South,3,For-Profit,6,56.4,Medium-High Risk,33.3,56.4,56.4
420086,PRISMA HEALTH BAPTIST,SC,South,4,Non-Profit,4,41,Medium Risk,25,41,41
420087,ROPER HOSPITAL,SC,South,4,Non-Profit,6,41,Medium Risk,33.3,41,41
420089,EAST COOPER MEDICAL CENTER,SC,South,5,For-Profit,4,38.9,Medium Risk,25,38.9,38.9
420091,MUSC HEALTH FLORENCE MEDICAL CENTER,SC,South,3,Government,5,47.5,Medium Risk,40,47.5,47.5
420098,TIDELANDS WACCAMAW COMMUNITY HOSPITAL,SC,South,3,Non-Profit,5,49.7,Medium Risk,40,49.7,49.7
420101,COASTAL CAROLINA HOSPITAL,SC,South,2,For-Profit,3,64.9,Medium-High Risk,0,64.9,64.9
420102,PRISMA HEALTH  PATEWOOD HOSPITAL,SC,South,5,Non-Profit,1,32.8,Medium Risk,0,32.8,32.8
420103,PELHAM MEDICAL CENTER,SC,South,4,Government,3,38.8,Medium Risk,33.3,38.8,38.8
420104,MOUNT PLEASANT HOSPITAL,SC,South,5,Non-Profit,4,32.8,Medium Risk,50,32.8,32.8
420105,MCLEOD LORIS  HOSPITAL,SC,South,3,Non-Profit,5,49.7,Medium Risk,20,49.7,49.7
420106,PRISMA HEALTH BAPTIST PARKRIDGE,SC,South,5,Non-Profit,4,32.8,Medium Risk,0,32.8,32.8
420107,MCLEOD HEALTH CHERAW,SC,South,4,Non-Profit,3,41,Medium Risk,66.7,41,41
420109,MCLEOD HEALTH CLARENDON,SC,South,4,Non-Profit,3,41,Medium Risk,66.7,41,41
420110,ROPER ST FRANCIS HOSPITAL-BERKELEY INC,SC,South,4,Non-Profit,4,41,Medium Risk,50,41,41
430005,"PRAIRIE LAKES HEALTHCARE SYSTEM, INC",SD,Midwest,5,Non-Profit,5,31.3,Medium Risk,60,31.3,31.3
430008,BROOKINGS HEALTH SYSTEM,SD,Midwest,3,Government,3,45.9,Medium Risk,0,45.9,45.9
430012,AVERA SACRED HEART HOSPITAL,SD,Midwest,5,Non-Profit,3,31.3,Medium Risk,0,31.3,31.3
430014,AVERA ST LUKES,SD,Midwest,5,Non-Profit,5,31.3,Medium Risk,0,31.3,31.3
430015,AVERA ST MARY'S HOSPITAL,SD,Midwest,4,Non-Profit,4,39.4,Medium Risk,0,39.4,39.4
430016,AVERA MCKENNAN HOSPITAL & UNIVERSITY HEALTH CENTER,SD,Midwest,4,Non-Profit,5,39.4,Medium Risk,20,39.4,39.4
430027,SANFORD USD MEDICAL CENTER,SD,Midwest,4,Non-Profit,6,39.4,Medium Risk,16.7,39.4,39.4
430048,MONUMENT HEALTH SPEARFISH HOSPITAL,SD,Midwest,5,Non-Profit,2,31.3,Medium Risk,50,31.3,31.3
430077,MONUMENT HEALTH RAPID CITY HOSPITAL,SD,Midwest,3,Non-Profit,6,48.1,Medium Risk,16.7,48.1,48.1
430095,AVERA HEART HOSPITAL OF SOUTH DAKOTA,SD,Midwest,5,For-Profit,3,37.4,Medium Risk,0,37.4,37.4
430097,SANFORD MEDICAL CENTER ABERDEEN,SD,Midwest,4,Non-Profit,3,39.4,Medium Risk,0,39.4,39.4
440002,JACKSON-MADISON COUNTY GENERAL HOSPITAL,TN,South,3,Government,5,47.5,Medium Risk,60,47.5,47.5
440003,SUMNER REGIONAL MEDICAL CENTER,TN,South,1,For-Profit,4,72.5,High Risk,50,72.5,72.5
440006,TRISTAR SKYLINE MEDICAL CENTER,TN,South,1,Non-Profit,5,66.8,Medium-High Risk,80,66.8,66.8
440009,CUMBERLAND MEDICAL CENTER,TN,South,4,Non-Profit,4,41,Medium Risk,25,41,41
440011,BLOUNT MEMORIAL HOSPITAL,TN,South,4,Government,4,38.8,Medium Risk,50,38.8,38.8
440012,WELLMONT BRISTOL REGIONAL MEDICAL CENTER,TN,South,1,Government,6,64.8,Medium-High Risk,66.7,64.8,64.8
440015,"UNIVERSITY HEALTH SYSTEM, INC",TN,South,3,Non-Profit,6,49.7,Medium Risk,50,49.7,49.7
440016,BAPTIST MEMORIAL HOSPITAL - CARROLL COUNTY,TN,South,4,Non-Profit,2,41,Medium Risk,50,41,41
440017,WELLMONT HOLSTON VALLEY MEDICAL CENTER,TN,South,3,Non-Profit,6,49.7,Medium Risk,16.7,49.7,49.7
440018,SYCAMORE SHOALS HOSPITAL,TN,South,2,Non-Profit,4,58.5,Medium-High Risk,75,58.5,58.5
440020,SOUTHERN TENNESSEE REGIONAL HEALTH SYSTEM PULASKI,TN,South,2,For-Profit,3,64.9,Medium-High Risk,33.3,64.9,64.9
440029,WILLIAMSON MEDICAL CENTER,TN,South,4,Government,5,38.8,Medium Risk,0,38.8,38.8
440030,MORRISTOWN HAMBLEN HOSPITAL ASSOCIATION,TN,South,3,Government,4,47.5,Medium Risk,100,47.5,47.5
440031,ROANE MEDICAL CENTER,TN,South,5,Government,3,30.8,Medium Risk,33.3,30.8,30.8
440033,LAFOLLETTE MEDICAL CENTER,TN,South,2,Non-Profit,3,58.5,Medium-High Risk,66.7,58.5,58.5
440034,METHODIST MEDICAL CENTER OF OAK RIDGE,TN,South,4,Non-Profit,6,41,Medium Risk,50,41,41
440035,TENNOVA HEALTHCARE-CLARKSVILLE,TN,South,1,For-Profit,4,72.5,High Risk,75,72.5,72.5
440039,VANDERBILT UNIVERSITY MEDICAL CENTER,TN,South,4,Non-Profit,6,41,Medium Risk,16.7,41,41
440046,TRISTAR HORIZON MEDICAL CENTER,TN,South,4,For-Profit,5,47.6,Medium Risk,20,47.6,47.6
440048,BAPTIST MEMORIAL HOSPITAL,TN,South,3,Non-Profit,6,49.7,Medium Risk,66.7,49.7,49.7
440049,METHODIST HOSPITALS OF MEMPHIS,TN,South,4,Non-Profit,6,41,Medium Risk,33.3,41,41
440050,GREENEVILLE COMMUNITY HOSPITAL,TN,South,2,Non-Profit,3,58.5,Medium-High Risk,100,58.5,58.5
440053,SAINT THOMAS RUTHERFORD HOSPITAL,TN,South,2,Non-Profit,5,58.5,Medium-High Risk,40,58.5,58.5
440056,TENNOVA HEALTHCARE-JEFFERSON MEMORIAL HOSPITAL,TN,South,2,For-Profit,3,64.9,Medium-High Risk,33.3,64.9,64.9
440058,SOUTHERN TENNESSEE REGIONAL HLTH SYSTEM WINCHESTER,TN,South,2,For-Profit,5,64.9,Medium-High Risk,40,64.9,64.9
440059,COOKEVILLE REGIONAL MEDICAL CENTER,TN,South,1,Government,6,64.8,Medium-High Risk,83.3,64.8,64.8
440061,VOLUNTEER COMMUNITY HOSPITAL,TN,South,4,For-Profit,3,47.6,Medium Risk,0,47.6,47.6
440063,JOHNSON CITY MEDICAL CENTER,TN,South,1,Non-Profit,6,66.8,Medium-High Risk,83.3,66.8,66.8
440065,TRISTAR NORTHCREST MEDICAL CENTER,TN,South,2,Non-Profit,5,58.5,Medium-High Risk,40,58.5,58.5
440068,STARR REGIONAL MEDICAL CENTER ATHENS,TN,South,4,For-Profit,3,47.6,Medium Risk,33.3,47.6,47.6
440072,DYERSBURG REGIONAL MEDICAL CENTER,TN,South,3,For-Profit,3,56.4,Medium-High Risk,66.7,56.4,56.4
440073,MAURY REGIONAL HOSPITAL,TN,South,3,Government,5,47.5,Medium Risk,60,47.5,47.5
440081,LECONTE MEDICAL CENTER,TN,South,4,Non-Profit,3,41,Medium Risk,0,41,41
440082,ASCENSION SAINT THOMAS HOSPITAL,TN,South,3,Non-Profit,6,49.7,Medium Risk,16.7,49.7,49.7
440084,SWEETWATER HOSPITAL ASSOCIATION,TN,South,1,Non-Profit,3,66.8,Medium-High Risk,100,66.8,66.8
440091,"MEMORIAL HEALTHCARE SYSTEM, INC",TN,South,5,Non-Profit,6,32.8,Medium Risk,16.7,32.8,32.8
440102,LINCOLN MEDICAL CENTER,TN,South,3,Government,3,47.5,Medium Risk,0,47.5,47.5
440104,ERLANGER MEDICAL CENTER,TN,South,2,Government,6,56.3,Medium-High Risk,33.3,56.3,56.3
440110,FORT LOUDOUN MEDICAL CENTER,TN,South,5,Non-Profit,3,32.8,Medium Risk,66.7,32.8,32.8
440120,PHYSICIANS REGIONAL MEDICAL CENTER,TN,South,2,For-Profit,6,64.9,Medium-High Risk,50,64.9,64.9
440125,FORT SANDERS REGIONAL MEDICAL CENTER,TN,South,3,Non-Profit,6,49.7,Medium Risk,100,49.7,49.7
440130,BAPTIST MEMORIAL HOSPITAL UNION CITY,TN,South,4,Non-Profit,3,41,Medium Risk,0,41,41
440131,BAPTIST MEMORIAL HOSPITAL TIPTON,TN,South,4,Non-Profit,3,41,Medium Risk,0,41,41
440132,HENRY COUNTY MEDICAL CENTER,TN,South,4,Government,3,38.8,Medium Risk,33.3,38.8,38.8
440137,VANDERBILT BEDFORD HOSPITAL,TN,South,4,For-Profit,2,47.6,Medium Risk,0,47.6,47.6
440144,VANDERBILT TULLAHOMA-HARTON HOSPITAL,TN,South,3,Non-Profit,4,49.7,Medium Risk,25,49.7,49.7
440150,TRISTAR SUMMIT MEDICAL CENTER,TN,South,2,For-Profit,5,64.9,Medium-High Risk,60,64.9,64.9
440151,SAINT THOMAS RIVER PARK HOSPITAL,TN,South,5,Non-Profit,3,32.8,Medium Risk,33.3,32.8,32.8
440153,TENNOVA HEALTHCARE - NEWPORT MEDICAL CENTER,TN,South,3,For-Profit,2,56.4,Medium-High Risk,0,56.4,56.4
440156,PARKRIDGE MEDICAL CENTER,TN,South,4,For-Profit,6,47.6,Medium Risk,33.3,47.6,47.6
440161,TRISTAR CENTENNIAL MEDICAL CENTER,TN,South,4,For-Profit,6,47.6,Medium Risk,50,47.6,47.6
440173,PARKWEST MEDICAL CENTER,TN,South,3,Non-Profit,6,49.7,Medium Risk,83.3,49.7,49.7
440175,SOUTHERN TENNESSEE REGIONAL HEALTH SYSTEM LAWRENCE,TN,South,4,Non-Profit,3,41,Medium Risk,33.3,41,41
440176,INDIAN PATH COMMUNITY HOSPITAL,TN,South,3,Non-Profit,1,49.7,Medium Risk,100,49.7,49.7
440183,ST FRANCIS HOSPITAL,TN,South,2,For-Profit,6,64.9,Medium-High Risk,50,64.9,64.9
440184,FRANKLIN WOODS COMMUNITY HOSPITAL,TN,South,4,Non-Profit,3,41,Medium Risk,66.7,41,41
440185,TENNOVA HEALTH CARE-CLEVELAND,TN,South,2,For-Profit,5,64.9,Medium-High Risk,80,64.9,64.9
440187,LIVINGSTON REGIONAL HOSPITAL,TN,South,2,For-Profit,3,64.9,Medium-High Risk,100,64.9,64.9
440193,VANDERBILT WILSON COUNTY HOSPITAL,TN,South,3,Non-Profit,5,49.7,Medium Risk,40,49.7,49.7
440194,TRISTAR HENDERSONVILLE MEDICAL CENTER,TN,South,4,For-Profit,5,47.6,Medium Risk,80,47.6,47.6
440197,TRISTAR SOUTHERN HILLS MEDICAL CENTER,TN,South,3,For-Profit,3,56.4,Medium-High Risk,33.3,56.4,56.4
440227,TRISTAR STONECREST MEDICAL CENTER,TN,South,3,For-Profit,4,56.4,Medium-High Risk,100,56.4,56.4
440228,SAINT FRANCIS BARTLETT MEDICAL CENTER,TN,South,2,For-Profit,4,64.9,Medium-High Risk,25,64.9,64.9
450002,THE HOSPITALS OF PROVIDENCE - MEMORIAL CAMPUS,TX,South Central,2,For-Profit,4,65.6,Medium-High Risk,75,65.6,65.6
450007,PETERSON REGIONAL MEDICAL CENTER,TX,South Central,4,Non-Profit,5,41.7,Medium Risk,20,41.7,41.7
450010,UNITED REGIONAL HEALTH CARE SYSTEM,TX,South Central,3,Non-Profit,6,50.5,Medium-High Risk,66.7,50.5,50.5
450011,CHI ST JOSEPH HEALTH REGIONAL HOSPITAL,TX,South Central,4,Non-Profit,6,41.7,Medium Risk,66.7,41.7,41.7
450015,PARKLAND HEALTH & HOSPITAL SYSTEM,TX,South Central,2,Government,4,57.1,Medium-High Risk,50,57.1,57.1
450018,UNIVERSITY OF TEXAS MEDICAL BRANCH GALVESTON,TX,South Central,3,Government,5,48.3,Medium Risk,100,48.3,48.3
450021,BAYLOR UNIVERSITY MEDICAL CENTER,TX,South Central,4,Non-Profit,6,41.7,Medium Risk,33.3,41.7,41.7
450023,CITIZENS MEDICAL CENTER,TX,South Central,4,Non-Profit,5,41.7,Medium Risk,40,41.7,41.7
450024,UNIVERSITY MEDICAL CENTER OF EL PASO,TX,South Central,2,Other,3,71.1,High Risk,100,71.1,71.1
450028,VALLEY BAPTIST MEDICAL CENTER- BROWNSVILLE,TX,South Central,3,For-Profit,4,57.2,Medium-High Risk,25,57.2,57.2
450029,LAREDO MEDICAL CENTER,TX,South Central,2,For-Profit,4,65.6,Medium-High Risk,50,65.6,65.6
450032,CHRISTUS GOOD SHEPHERD MEDICAL CENTER,TX,South Central,3,Non-Profit,5,50.5,Medium-High Risk,100,50.5,50.5
450033,VHS HARLINGEN HOSPITAL COMPANY LLC,TX,South Central,2,For-Profit,5,65.6,Medium-High Risk,40,65.6,65.6
450034,CHRISTUS SOUTHEAST TEXAS- ST ELIZABETH,TX,South Central,3,Non-Profit,6,50.5,Medium-High Risk,50,50.5,50.5
450035,ST JOSEPH MEDICAL CENTER,TX,South Central,2,Other,3,71.1,High Risk,33.3,71.1,71.1
450039,JPS HEALTH NETWORK,TX,South Central,3,Government,3,48.3,Medium Risk,0,48.3,48.3
450040,COVENANT MEDICAL CENTER,TX,South Central,3,Non-Profit,6,50.5,Medium-High Risk,33.3,50.5,50.5
450042,ASCENSION PROVIDENCE,TX,South Central,2,Non-Profit,6,59.2,Medium-High Risk,33.3,59.2,59.2
450044,UT OF TEXAS  SOUTHWESTERN UNIVERSITY HOSPITAL - WILLIAM P. CLEMENTS JR.,TX,South Central,5,Government,6,31.5,Medium Risk,66.7,31.5,31.5
450046,CHRISTUS SPOHN HOSPITAL CORPUS CHRISTI,TX,South Central,3,Non-Profit,5,50.5,Medium-High Risk,20,50.5,50.5
450051,METHODIST DALLAS MEDICAL CENTER,TX,South Central,3,Non-Profit,5,50.5,Medium-High Risk,20,50.5,50.5
450054,BAYLOR SCOTT & WHITE MEDICAL CENTER - TEMPLE,TX,South Central,5,Non-Profit,6,33.4,Medium Risk,66.7,33.4,33.4
450056,ASCENSION SETON MEDICAL CENTER AUSTIN,TX,South Central,4,Non-Profit,6,41.7,Medium Risk,33.3,41.7,41.7
450058,BAPTIST MEDICAL CENTER,TX,South Central,4,For-Profit,6,48.4,Medium Risk,50,48.4,48.4
450064,TEXAS HEALTH ARLINGTON MEMORIAL HOSPITAL,TX,South Central,2,Non-Profit,3,59.2,Medium-High Risk,66.7,59.2,59.2
450068,MEMORIAL HERMANN - TEXAS MEDICAL CENTER,TX,South Central,3,Non-Profit,5,50.5,Medium-High Risk,20,50.5,50.5
450072,CHI ST LUKE'S HEALTH BRAZOSPORT,TX,South Central,4,Non-Profit,4,41.7,Medium Risk,75,41.7,41.7
450079,BAYLOR SCOTT & WHITE MEDICAL CENTER AT IRVING,TX,South Central,5,Non-Profit,4,33.4,Medium Risk,50,33.4,33.4
450080,TITUS REGIONAL MEDICAL CENTER,TX,South Central,2,Government,4,57.1,Medium-High Risk,25,57.1,57.1
450083,UT HEALTH EAST TEXAS TYLER REGIONAL HOSPITAL,TX,South Central,1,For-Profit,6,73.1,High Risk,83.3,73.1,73.1
450087,MEDICAL CITY NORTH HILLS,TX,South Central,2,For-Profit,5,65.6,Medium-High Risk,80,65.6,65.6
450090,NORTH TEXAS MEDICAL CENTER,TX,South Central,5,Government,4,31.5,Medium Risk,25,31.5,31.5
450092,FORT DUNCAN MEDICAL CENTER,TX,South Central,3,For-Profit,2,57.2,Medium-High Risk,50,57.2,57.2
450097,HCA HOUSTON HEALTHCARE SOUTHEAST,TX,South Central,4,For-Profit,4,48.4,Medium Risk,50,48.4,48.4
450101,BAYLOR SCOTT & WHITE MEDICAL CENTER HILLCREST,TX,South Central,4,Non-Profit,5,41.7,Medium Risk,40,41.7,41.7
450102,CHRISTUS MOTHER FRANCES HOSPITAL,TX,South Central,3,Non-Profit,6,50.5,Medium-High Risk,16.7,50.5,50.5
450104,GUADALUPE REGIONAL MEDICAL CENTER,TX,South Central,3,Government,5,48.3,Medium Risk,80,48.3,48.3
450107,LAS PALMAS MEDICAL CENTER A CAMPUS OF LPDS HEALTHC,TX,South Central,2,For-Profit,6,65.6,Medium-High Risk,83.3,65.6,65.6
450119,SOUTH TEXAS HEALTH SYSTEM,TX,South Central,3,For-Profit,5,57.2,Medium-High Risk,80,57.2,57.2
450124,DELL SETON  MED CENTER AT THE UNIVERSITY OF TX,TX,South Central,3,Non-Profit,3,50.5,Medium-High Risk,66.7,50.5,50.5
450128,KNAPP MEDICAL CENTER,TX,South Central,4,Non-Profit,3,41.7,Medium Risk,66.7,41.7,41.7
450132,MEDICAL CENTER HOSPITAL,TX,South Central,3,Government,6,48.3,Medium Risk,33.3,48.3,48.3
450133,MIDLAND MEMORIAL HOSPITAL,TX,South Central,2,Government,5,57.1,Medium-High Risk,40,57.1,57.1
450135,TEXAS HEALTH HARRIS METHODIST HOSPITAL FORT WORTH,TX,South Central,3,Non-Profit,5,50.5,Medium-High Risk,40,50.5,50.5
450137,BAYLOR SCOTT AND WHITE ALL SAINTS MEDICAL CENTER,TX,South Central,4,Non-Profit,5,41.7,Medium Risk,80,41.7,41.7
450147,DE TAR HOSPITAL NAVARRO,TX,South Central,4,For-Profit,4,48.4,Medium Risk,50,48.4,48.4
450148,TEXAS HEALTH HARRIS METHODIST HOSPITAL CLEBURNE,TX,South Central,5,Non-Profit,3,33.4,Medium Risk,66.7,33.4,33.4
450152,ADVENTHEALTH CENTRAL TEXAS,TX,South Central,4,Non-Profit,4,41.7,Medium Risk,50,41.7,41.7
450162,GRACE SURGICAL HOSPITAL,TX,South Central,3,Non-Profit,1,50.5,Medium-High Risk,0,50.5,50.5
450163,CHRISTUS SPOHN HOSPITAL KLEBERG,TX,South Central,3,Non-Profit,3,50.5,Medium-High Risk,100,50.5,50.5
450176,MISSION REGIONAL MEDICAL CENTER,TX,South Central,4,Non-Profit,4,41.7,Medium Risk,100,41.7,41.7
450184,MEMORIAL HERMANN HOSPITAL SYSTEM,TX,South Central,3,Non-Profit,6,50.5,Medium-High Risk,66.7,50.5,50.5
450193,CHI ST LUKE'S HEALTH BAYLOR COLLEGE OF MEDICINE ME,TX,South Central,4,Non-Profit,5,41.7,Medium Risk,20,41.7,41.7
450196,PARIS REGIONAL MEDICAL CENTER,TX,South Central,2,For-Profit,5,65.6,Medium-High Risk,40,65.6,65.6
450200,WADLEY REGIONAL MEDICAL CENTER,TX,South Central,3,Other,4,63.3,Medium-High Risk,75,63.3,63.3
450203,MEDICAL CITY WEATHERFORD,TX,South Central,3,For-Profit,5,57.2,Medium-High Risk,100,57.2,57.2
450209,NORTHWEST TEXAS HOSPITAL,TX,South Central,3,Non-Profit,5,50.5,Medium-High Risk,20,50.5,50.5
450211,CHI ST LUKES HEALTH MEMORIAL LUFKIN,TX,South Central,3,Non-Profit,5,50.5,Medium-High Risk,60,50.5,50.5
450213,UNIVERSITY HEALTH SYSTEM,TX,South Central,3,Government,5,48.3,Medium Risk,60,48.3,48.3
450222,HCA HOUSTON HEALTHCARE CONROE,TX,South Central,2,For-Profit,6,65.6,Medium-High Risk,83.3,65.6,65.6
450229,HENDRICK MEDICAL CENTER,TX,South Central,3,Non-Profit,6,50.5,Medium-High Risk,33.3,50.5,50.5
450231,BSA HOSPITAL,TX,South Central,2,For-Profit,6,65.6,Medium-High Risk,66.7,65.6,65.6
450236,CHRISTUS MOTHER FRANCES HOSPITAL SULPHUR SPRINGS,TX,South Central,4,Non-Profit,4,41.7,Medium Risk,0,41.7,41.7
450237,CHRISTUS SANTA ROSA MEDICAL CENTER,TX,South Central,4,Non-Profit,6,41.7,Medium Risk,50,41.7,41.7
450272,CHRISTUS SANTA ROSA HOSPITAL-SAN MARCOS,TX,South Central,2,Non-Profit,4,59.2,Medium-High Risk,50,59.2,59.2
450289,HARRIS HEALTH SYSTEM,TX,South Central,3,Government,2,48.3,Medium Risk,50,48.3,48.3
450324,TEXOMA MEDICAL CENTER,TX,South Central,3,For-Profit,6,57.2,Medium-High Risk,50,57.2,57.2
450330,OAKBEND MEDICAL CENTER,TX,South Central,2,Government,3,57.1,Medium-High Risk,100,57.1,57.1
450346,BAPTIST BEAUMONT HOSPITAL,TX,South Central,2,Non-Profit,4,59.2,Medium-High Risk,25,59.2,59.2
450347,HUNTSVILLE MEMORIAL HOSPITAL,TX,South Central,3,Non-Profit,3,50.5,Medium-High Risk,66.7,50.5,50.5
450351,TEXAS HEALTH HARRIS METHODIST HOSPITAL STEPHENVILL,TX,South Central,4,Non-Profit,2,41.7,Medium Risk,50,41.7,41.7
450352,HUNT REGIONAL MEDICAL CENTER,TX,South Central,3,Government,5,48.3,Medium Risk,60,48.3,48.3
450358,HOUSTON METHODIST HOSPITAL,TX,South Central,5,Non-Profit,6,33.4,Medium Risk,33.3,33.4,33.4
450372,BAYLOR SCOTT & WHITE MEDICAL CENTER- WAXAHACHIE,TX,South Central,5,Non-Profit,4,33.4,Medium Risk,25,33.4,33.4
450388,METHODIST HOSPITAL,TX,South Central,4,For-Profit,6,48.4,Medium Risk,50,48.4,48.4
450389,UT HEALTH EAST TEXAS ATHENS HOSPITAL,TX,South Central,2,For-Profit,5,65.6,Medium-High Risk,40,65.6,65.6
450395,CHI ST LUKES HEALTH MEMORIAL LIVINGSTON,TX,South Central,4,Non-Profit,3,41.7,Medium Risk,33.3,41.7,41.7
450403,MEDICAL CENTER OF MCKINNEY,TX,South Central,3,For-Profit,5,57.2,Medium-High Risk,60,57.2,57.2
450411,EASTLAND MEMORIAL HOSPITAL,TX,South Central,3,Government,1,48.3,Medium Risk,0,48.3,48.3
450424,HOUSTON METHODIST BAYTOWN HOSPITAL,TX,South Central,5,Non-Profit,5,33.4,Medium Risk,40,33.4,33.4
450431,ST DAVID'S MEDICAL CENTER,TX,South Central,5,Non-Profit,6,33.4,Medium Risk,33.3,33.4,33.4
450447,NAVARRO REGIONAL HOSPITAL,TX,South Central,4,Government,3,39.6,Medium Risk,66.7,39.6,39.6
450462,TEXAS HEALTH PRESBYTERIAN HOSPITAL DALLAS,TX,South Central,4,Non-Profit,6,41.7,Medium Risk,0,41.7,41.7
450465,MATAGORDA REGIONAL MEDICAL CENTER,TX,South Central,2,Government,3,57.1,Medium-High Risk,0,57.1,57.1
450469,WILSON N JONES REGIONAL MEDICAL CENTER,TX,South Central,3,For-Profit,4,57.2,Medium-High Risk,25,57.2,57.2
450484,WOODLAND HEIGHTS MEDICAL CENTER,TX,South Central,4,For-Profit,6,48.4,Medium Risk,33.3,48.4,48.4
450508,NACOGDOCHES MEMORIAL HOSPITAL,TX,South Central,1,For-Profit,5,73.1,High Risk,60,73.1,73.1
450518,THE MEDICAL CENTER OF SOUTHEAST TEXAS,TX,South Central,3,Other,5,63.3,Medium-High Risk,80,63.3,63.3
450537,METHODIST RICHARDSON MEDICAL CENTER,TX,South Central,3,Government,5,48.3,Medium Risk,40,48.3,48.3
450539,COVENANT HOSPITAL PLAINVIEW,TX,South Central,3,Non-Profit,2,50.5,Medium-High Risk,50,50.5,50.5
450563,BAYLOR SCOTT & WHITE MEDICAL CENTER  GRAPEVINE,TX,South Central,4,Non-Profit,5,41.7,Medium Risk,40,41.7,41.7
450565,PALO PINTO GENERAL HOSPITAL,TX,South Central,2,Government,3,57.1,Medium-High Risk,100,57.1,57.1
450571,SHANNON MEDICAL CENTER,TX,South Central,2,Non-Profit,6,59.2,Medium-High Risk,33.3,59.2,59.2
450587,HENDRICK MEDICAL CENTER BROWNWOOD,TX,South Central,1,For-Profit,5,73.1,High Risk,20,73.1,73.1
450596,LAKE GRANBURY MEDICAL CENTER,TX,South Central,4,For-Profit,4,48.4,Medium Risk,0,48.4,48.4
450604,HILL COUNTRY MEMORIAL HOSPITAL,TX,South Central,5,For-Profit,3,39.7,Medium Risk,0,39.7,39.7
450610,MEMORIAL HERMANN MEMORIAL CITY HOSPITAL,TX,South Central,3,Non-Profit,5,50.5,Medium-High Risk,0,50.5,50.5
450617,HCA HOUSTON HEALTHCARE CLEAR LAKE,TX,South Central,3,For-Profit,6,57.2,Medium-High Risk,66.7,57.2,57.2
450634,MEDICAL CITY DENTON,TX,South Central,4,For-Profit,5,48.4,Medium Risk,80,48.4,48.4
450638,HCA HOUSTON HEALTHCARE NORTHWEST,TX,South Central,3,For-Profit,4,57.2,Medium-High Risk,50,57.2,57.2
450639,TEXAS HEALTH HARRIS METHODIST HURST-EULESS-BEDFORD,TX,South Central,3,Non-Profit,5,50.5,Medium-High Risk,80,50.5,50.5
450643,DOCTORS HOSPITAL OF LAREDO,TX,South Central,4,For-Profit,4,48.4,Medium Risk,25,48.4,48.4
450644,HCA HOUSTON HEALTHCARE WEST,TX,South Central,2,For-Profit,4,65.6,Medium-High Risk,25,65.6,65.6
450647,MEDICAL CITY DALLAS HOSPITAL,TX,South Central,3,For-Profit,6,57.2,Medium-High Risk,50,57.2,57.2
450651,MEDICAL CITY PLANO,TX,South Central,3,For-Profit,6,57.2,Medium-High Risk,66.7,57.2,57.2
450656,NACOGDOCHES MEDICAL CENTER,TX,South Central,2,Non-Profit,5,59.2,Medium-High Risk,20,59.2,59.2
450659,HCA HOUSTON HEALTHCARE MEDICAL CENTER,TX,South Central,4,For-Profit,3,48.4,Medium Risk,66.7,48.4,48.4
450661,ODESSA REGIONAL MEDICAL CENTER,TX,South Central,2,For-Profit,5,65.6,Medium-High Risk,60,65.6,65.6
450662,VALLEY REGIONAL MEDICAL CENTER,TX,South Central,2,For-Profit,3,65.6,Medium-High Risk,66.7,65.6,65.6
450668,SIERRA MEDICAL CENTER,TX,South Central,2,For-Profit,5,65.6,Medium-High Risk,40,65.6,65.6
450669,MEDICAL CITY LEWISVILLE,TX,South Central,4,Non-Profit,4,41.7,Medium Risk,100,41.7,41.7
450670,HCA HOUSTON HEALTHCARE TOMBALL,TX,South Central,2,For-Profit,5,65.6,Medium-High Risk,100,65.6,65.6
450672,MEDICAL CITY FORT WORTH,TX,South Central,2,For-Profit,6,65.6,Medium-High Risk,50,65.6,65.6
450675,MEDICAL CITY ARLINGTON,TX,South Central,2,For-Profit,6,65.6,Medium-High Risk,100,65.6,65.6
450677,TEXAS HEALTH HUGULEY HOSPITAL FORT WORTH SOUTH,TX,South Central,3,Non-Profit,4,50.5,Medium-High Risk,75,50.5,50.5
450678,WHITE ROCK MEDICAL CENTER,TX,South Central,1,For-Profit,4,73.1,High Risk,75,73.1,73.1
450684,MEMORIAL HERMANN NORTHEAST HOSPITAL,TX,South Central,2,Non-Profit,4,59.2,Medium-High Risk,25,59.2,59.2
450686,UNIVERSITY MEDICAL CENTER,TX,South Central,2,Government,5,57.1,Medium-High Risk,40,57.1,57.1
450688,DALLAS REGIONAL MEDICAL CENTER,TX,South Central,4,For-Profit,4,48.4,Medium Risk,50,48.4,48.4
450690,THE UNIVERSITY OF TEXAS HEALTH SCIENCE CENTER AT TYLER,TX,South Central,4,Government,3,39.6,Medium Risk,0,39.6,39.6
450702,LONGVIEW REGIONAL MEDICAL CENTER,TX,South Central,2,For-Profit,6,65.6,Medium-High Risk,83.3,65.6,65.6
450709,HOUSTON METHODIST CLEAR LAKE HOSPITAL,TX,South Central,5,Non-Profit,4,33.4,Medium Risk,75,33.4,33.4
450711,RIO GRANDE REGIONAL HOSPITAL,TX,South Central,3,For-Profit,4,57.2,Medium-High Risk,75,57.2,57.2
450713,ST DAVID'S SOUTH AUSTIN MEDICAL CENTER,TX,South Central,5,For-Profit,6,39.7,Medium Risk,50,39.7,39.7
450718,ROUND ROCK MEDICAL CENTER,TX,South Central,4,For-Profit,5,48.4,Medium Risk,20,48.4,48.4
450723,METHODIST CHARLTON MEDICAL CENTER,TX,South Central,3,Non-Profit,5,50.5,Medium-High Risk,40,50.5,50.5
450730,SANA HEALTHCARE CARROLLTON D/B/A CARROLLTON REGIONAL MEDICAL CENTER,TX,South Central,2,For-Profit,4,65.6,Medium-High Risk,75,65.6,65.6
450742,BAYLOR SCOTT AND WHITE MEDICAL CENTER LAKE POINTE,TX,South Central,3,Non-Profit,4,50.5,Medium-High Risk,75,50.5,50.5
450743,TEXAS HEALTH PRESBYTERIAN HOSPITAL DENTON,TX,South Central,4,Non-Profit,5,41.7,Medium Risk,20,41.7,41.7
450747,PALESTINE REGIONAL MEDICAL CENTER,TX,South Central,2,For-Profit,4,65.6,Medium-High Risk,25,65.6,65.6
450771,TEXAS HEALTH PRESBYTERIAN HOSPITAL PLANO,TX,South Central,3,Non-Profit,6,50.5,Medium-High Risk,50,50.5,50.5
450775,HCA HOUSTON HEALTHCARE KINGWOOD,TX,South Central,3,For-Profit,6,57.2,Medium-High Risk,83.3,57.2,57.2
450779,TEXAS HEALTH HARRIS METHODIST HOSPITAL SOUTHWEST F,TX,South Central,5,Non-Profit,5,33.4,Medium Risk,80,33.4,33.4
450788,"CORPUS CHRISTI MEDICAL CENTER,THE",TX,South Central,3,Non-Profit,5,50.5,Medium-High Risk,40,50.5,50.5
450801,CHRISTUS ST MICHAEL HEALTH SYSTEM,TX,South Central,4,Non-Profit,6,41.7,Medium Risk,50,41.7,41.7
450809,NORTH AUSTIN MEDICAL CENTER,TX,South Central,4,For-Profit,5,48.4,Medium Risk,60,48.4,48.4
450820,HOUSTON METHODIST SUGARLAND HOSPITAL,TX,South Central,4,Non-Profit,6,41.7,Medium Risk,83.3,41.7,41.7
450822,MEDICAL CITY LAS COLINAS,TX,South Central,2,For-Profit,2,65.6,Medium-High Risk,100,65.6,65.6
450828,CHRISTUS SPOHN HOSPITAL ALICE,TX,South Central,4,Non-Profit,3,41.7,Medium Risk,66.7,41.7,41.7
450840,TEXAS HEALTH PRESBYTERIAN HOSPITAL ALLEN,TX,South Central,4,Government,5,39.6,Medium Risk,40,39.6,39.6
450844,HOUSTON METHODIST WILLOWBROOK HOSPITAL,TX,South Central,5,Non-Profit,6,33.4,Medium Risk,66.7,33.4,33.4
450847,MEMORIAL HERMANN KATY HOSPITAL,TX,South Central,4,Non-Profit,4,41.7,Medium Risk,25,41.7,41.7
450848,MEMORIAL HERMANN SUGAR LAND HOSPITAL,TX,South Central,3,Non-Profit,4,50.5,Medium-High Risk,25,50.5,50.5
450851,BAYLOR SCOTT & WHITE HEART & VASCULAR HOSPITAL - DALLAS,TX,South Central,5,For-Profit,2,39.7,Medium Risk,50,39.7,39.7
450853,BAYLOR SCOTT & WHITE MEDICAL CENTER - FRISCO,TX,South Central,3,For-Profit,1,57.2,Medium-High Risk,100,57.2,57.2
450855,HARLINGEN MEDICAL CENTER,TX,South Central,4,For-Profit,6,48.4,Medium Risk,16.7,48.4,48.4
450862,ST LUKE'S THE WOODLANDS HOSPITAL,TX,South Central,4,Non-Profit,5,41.7,Medium Risk,60,41.7,41.7
450867,ASCENSION SETON NORTHWEST,TX,South Central,5,Non-Profit,4,33.4,Medium Risk,100,33.4,33.4
450869,DOCTORS HOSPTAL AT RENAISSANCE,TX,South Central,3,Other,6,63.3,Medium-High Risk,66.7,63.3,63.3
450876,LUBBOCK HEART HOSPITAL LP,TX,South Central,1,Government,5,65.5,Medium-High Risk,60,65.5,65.5
450885,BAYLOR SCOTT &  WHITE MEDICAL CENTER - CENTENNIAL,TX,South Central,4,Non-Profit,5,41.7,Medium Risk,60,41.7,41.7
450890,BAYLOR SCOTT & WHITE MEDICAL CENTER PLANO,TX,South Central,4,Non-Profit,5,41.7,Medium Risk,80,41.7,41.7
450893,THE HEART HOSPITAL BAYLOR DENTON,TX,South Central,5,Other,3,46,Medium Risk,66.7,46,46
460001,INTERMOUNTAIN HEALTH UTAH VALLEY HOSPITAL,UT,Mountain West,5,Non-Profit,5,21.2,Low-Medium Risk,0,21.2,21.2
460003,HOLY CROSS HOSPITAL - SALT LAKE,UT,Mountain West,2,For-Profit,5,50.4,Medium-High Risk,80,50.4,50.4
460004,MCKAY-DEE HOSPITAL,UT,Mountain West,5,Non-Profit,6,21.2,Low-Medium Risk,0,21.2,21.2
460005,OGDEN REGIONAL MEDICAL CENTER,UT,Mountain West,3,For-Profit,5,41.7,Medium Risk,40,41.7,41.7
460006,LDS HOSPITAL,UT,Mountain West,5,Non-Profit,3,21.2,Low-Medium Risk,33.3,21.2,21.2
460007,CEDAR CITY HOSPITAL,UT,Mountain West,4,Non-Profit,2,27.7,Low-Medium Risk,0,27.7,27.7
460009,UNIVERSITY OF UTAH HOSPITAL AND CLINICS,UT,Mountain West,5,Government,6,19.7,Low Risk,16.7,19.7,19.7
460010,INTERMOUNTAIN MEDICAL CENTER,UT,Mountain West,5,Non-Profit,5,21.2,Low-Medium Risk,0,21.2,21.2
460011,CASTLEVIEW HOSPITAL,UT,Mountain West,4,For-Profit,3,33.4,Medium Risk,33.3,33.4,33.4
460013,MOUNTAIN VIEW HOSPITAL,UT,Mountain West,4,For-Profit,4,33.4,Medium Risk,75,33.4,33.4
460015,LOGAN REGIONAL HOSPITAL,UT,Mountain West,5,Non-Profit,3,21.2,Low-Medium Risk,0,21.2,21.2
460019,UINTAH BASIN MEDICAL CENTER,UT,Mountain West,5,Non-Profit,3,21.2,Low-Medium Risk,66.7,21.2,21.2
460021,ST. GEORGE REGIONAL HOSPITAL,UT,Mountain West,5,Non-Profit,6,21.2,Low-Medium Risk,16.7,21.2,21.2
460023,AMERICAN FORK HOSPITAL,UT,Mountain West,4,Non-Profit,2,27.7,Low-Medium Risk,0,27.7,27.7
460041,HOLY CROSS HOSPITAL-DAVIS,UT,Mountain West,4,Non-Profit,4,27.7,Low-Medium Risk,25,27.7,27.7
460042,LAKEVIEW HOSPITAL,UT,Mountain West,5,Non-Profit,3,21.2,Low-Medium Risk,33.3,21.2,21.2
460044,INTERMOUNTAIN HEALTH ALTA VIEW HOSPITAL,UT,Mountain West,4,Non-Profit,3,27.7,Low-Medium Risk,33.3,27.7,27.7
460047,ST MARK'S HOSPITAL,UT,Mountain West,3,For-Profit,6,41.7,Medium Risk,33.3,41.7,41.7
460051,HOLY CROSS HOSPITAL-JORDAN VALLEY,UT,Mountain West,4,Non-Profit,5,27.7,Low-Medium Risk,20,27.7,27.7
460052,TIMPANOGOS REGIONAL HOSPITAL,UT,Mountain West,3,For-Profit,4,41.7,Medium Risk,50,41.7,41.7
460057,PARK CITY HOSPITAL,UT,Mountain West,5,For-Profit,2,26,Low-Medium Risk,0,26,26
460058,RIVERTON HOSPITAL,UT,Mountain West,4,Non-Profit,2,27.7,Low-Medium Risk,50,27.7,27.7
460060,LONE PEAK HOSPITAL,UT,Mountain West,5,For-Profit,3,26,Low-Medium Risk,33.3,26,26
470001,CENTRAL VERMONT MEDICAL CENTER,VT,Northeast,3,Non-Profit,5,57.4,Medium-High Risk,60,57.4,57.4
470003,UNIV. OF VERMONT - FLETCHER ALLEN HEALTH CARE,VT,Northeast,4,Non-Profit,6,48.6,Medium Risk,33.3,48.6,48.6
470005,RUTLAND REGIONAL MEDICAL CENTER,VT,Northeast,2,Non-Profit,5,65.8,Medium-High Risk,60,65.8,65.8
470011,BRATTLEBORO MEMORIAL HOSPITAL,VT,Northeast,4,Non-Profit,4,48.6,Medium Risk,25,48.6,48.6
470012,SOUTHWESTERN VERMONT MEDICAL CENTER,VT,Northeast,4,Non-Profit,4,48.6,Medium Risk,75,48.6,48.6
470024,NORTHWESTERN MEDICAL CENTER INC,VT,Northeast,3,Non-Profit,4,57.4,Medium-High Risk,75,57.4,57.4
490002,RUSSELL COUNTY HOSPITAL,VA,South,4,Non-Profit,3,41,Medium Risk,100,41,41
490004,SENTARA RMH MEDICAL CENTER,VA,South,4,Non-Profit,6,41,Medium Risk,0,41,41
490005,WINCHESTER MEDICAL CENTER,VA,South,4,Non-Profit,6,41,Medium Risk,33.3,41,41
490007,SENTARA NORFOLK GENERAL HOSPITAL,VA,South,3,Non-Profit,5,49.7,Medium Risk,20,49.7,49.7
490009,UNIVERSITY OF VIRGINIA MEDICAL CENTER,VA,South,4,Government,6,38.8,Medium Risk,16.7,38.8,38.8
490013,SENTARA HALIFAX REGIONAL HOSPITAL,VA,South,2,Non-Profit,3,58.5,Medium-High Risk,100,58.5,58.5
490017,BON SECOURS MARYVIEW MEDICAL CENTER,VA,South,3,Non-Profit,6,49.7,Medium Risk,50,49.7,49.7
490018,AUGUSTA HEALTH,VA,South,4,Non-Profit,5,41,Medium Risk,0,41,41
490019,NOVANT HEALTH UVA HEALTH SYSTEM CULPEPER MED CENTE,VA,South,1,Non-Profit,3,66.8,Medium-High Risk,33.3,66.8,66.8
490020,JOHN RANDOLPH MEDICAL CENTER,VA,South,3,For-Profit,5,56.4,Medium-High Risk,40,56.4,56.4
490021,CENTRA HEALTH -  LYNCHBURG GEN HOSPITAL,VA,South,3,Non-Profit,6,49.7,Medium Risk,0,49.7,49.7
490022,MARY WASHINGTON HOSPITAL,VA,South,2,Non-Profit,6,58.5,Medium-High Risk,100,58.5,58.5
490023,FAUQUIER HOSPITAL,VA,South,3,For-Profit,5,56.4,Medium-High Risk,80,56.4,56.4
490024,CARILION MEDICAL CENTER,VA,South,3,Non-Profit,6,49.7,Medium Risk,0,49.7,49.7
490032,MEDICAL COLLEGE OF VIRGINIA HOSPITALS,VA,South,4,Government,6,38.8,Medium Risk,33.3,38.8,38.8
490033,WARREN MEMORIAL HOSPITAL,VA,South,3,Non-Profit,4,49.7,Medium Risk,0,49.7,49.7
490037,RIVERSIDE SHORE MEMORIAL HOSPITAL,VA,South,3,Non-Profit,3,49.7,Medium Risk,33.3,49.7,49.7
490040,INOVA ALEXANDRIA HOSPITAL,VA,South,4,Non-Profit,5,41,Medium Risk,40,41,41
490041,MARY IMMACULATE HOSPITAL,VA,South,3,Non-Profit,5,49.7,Medium Risk,60,49.7,49.7
490042,CARILION NEW RIVER VALLEY MEDICAL CENTER,VA,South,4,Non-Profit,4,41,Medium Risk,75,41,41
490043,INOVA LOUDOUN HOSPITAL,VA,South,5,Non-Profit,5,32.8,Medium Risk,20,32.8,32.8
490044,SENTARA OBICI HOSPITAL,VA,South,4,Non-Profit,5,41,Medium Risk,60,41,41
490045,NOVANT PRINCE WILLIAM MEDICAL CENTER,VA,South,3,Non-Profit,4,49.7,Medium Risk,50,49.7,49.7
490046,SENTARA LEIGH HOSPITAL,VA,South,4,Non-Profit,5,41,Medium Risk,80,41,41
490048,LEWISGALE MEDICAL CENTER,VA,South,3,For-Profit,6,56.4,Medium-High Risk,100,56.4,56.4
490050,VIRGINIA HOSPITAL CENTER,VA,South,5,Non-Profit,6,32.8,Medium Risk,50,32.8,32.8
490052,RIVERSIDE REGIONAL MEDICAL CENTER,VA,South,3,Non-Profit,5,49.7,Medium Risk,60,49.7,49.7
490053,JOHNSTON MEMORIAL HOSPITAL,VA,South,2,Non-Profit,4,58.5,Medium-High Risk,50,58.5,58.5
490057,SENTARA VIRGINIA BEACH GENERAL HOSPITAL,VA,South,4,Non-Profit,5,41,Medium Risk,40,41,41
490059,BON SECOURS ST MARYS HOSPITAL,VA,South,4,Non-Profit,6,41,Medium Risk,16.7,41,41
490060,CLINCH VALLEY MEDICAL CENTER,VA,South,3,For-Profit,4,56.4,Medium-High Risk,50,56.4,56.4
490063,INOVA FAIRFAX HOSPITAL,VA,South,5,Non-Profit,6,32.8,Medium Risk,16.7,32.8,32.8
490066,SENTARA WILLIAMSBURG REGIONAL MEDICAL CENTER,VA,South,4,Non-Profit,5,41,Medium Risk,60,41,41
490067,BON SECOURS SOUTHSIDE MEDICAL CENTER,VA,South,2,For-Profit,4,64.9,Medium-High Risk,50,64.9,64.9
490069,BON SECOURS MEMORIAL REGIONAL MEDICAL CENTER,VA,South,4,Non-Profit,6,41,Medium Risk,33.3,41,41
490075,SOVAH HEALTH DANVILLE,VA,South,2,For-Profit,5,64.9,Medium-High Risk,60,64.9,64.9
490077,SENTARA MARTHA JEFFERSON HOSPITAL,VA,South,5,Non-Profit,5,32.8,Medium Risk,0,32.8,32.8
490084,VCU HEALTH TAPPAHANNOCK HOSPITAL,VA,South,4,Non-Profit,4,41,Medium Risk,0,41,41
490088,CENTRA BEDFORD MEMORIAL HOSPITAL,VA,South,4,Non-Profit,3,41,Medium Risk,66.7,41,41
490089,CARILION FRANKLIN MEMORIAL HOSPITAL,VA,South,3,Non-Profit,3,49.7,Medium Risk,0,49.7,49.7
490090,"CENTRA SOUTHSIDE COMMUNITY HOSPITAL, INC",VA,South,4,Non-Profit,3,41,Medium Risk,0,41,41
490092,BON SECOURS SOUTHAMPTON MEMORIAL HOSPITAL,VA,South,2,Non-Profit,2,58.5,Medium-High Risk,100,58.5,58.5
490093,SENTARA CAREPLEX HOSPITAL,VA,South,5,Non-Profit,4,32.8,Medium Risk,75,32.8,32.8
490098,COMMUNITY MEMORIAL HOSPITAL,VA,South,3,Non-Profit,3,49.7,Medium Risk,0,49.7,49.7
490101,INOVA FAIR OAKS HOSPITAL,VA,South,5,Non-Profit,4,32.8,Medium Risk,25,32.8,32.8
490107,RESTON HOSPITAL CENTER,VA,South,3,Non-Profit,5,49.7,Medium Risk,80,49.7,49.7
490110,LEWISGALE HOSPITAL MONTGOMERY,VA,South,3,For-Profit,5,56.4,Medium-High Risk,80,56.4,56.4
490111,WYTHE COUNTY COMMUNITY HOSPITAL,VA,South,3,For-Profit,4,56.4,Medium-High Risk,0,56.4,56.4
490112,CJW MEDICAL CENTER,VA,South,4,For-Profit,6,47.6,Medium Risk,66.7,47.6,47.6
490113,SENTARA NORTHERN VIRGINIA MEDICAL CENTER,VA,South,2,Non-Profit,4,58.5,Medium-High Risk,100,58.5,58.5
490114,LONESOME PINE HOSPITAL,VA,South,4,Non-Profit,3,41,Medium Risk,66.7,41,41
490115,TWIN COUNTY REGIONAL HOSPITAL,VA,South,2,For-Profit,3,64.9,Medium-High Risk,66.7,64.9,64.9
490116,LEWISGALE HOSPITAL PULASKI,VA,South,3,For-Profit,3,56.4,Medium-High Risk,33.3,56.4,56.4
490118,HENRICO DOCTORS' HOSPITAL,VA,South,4,Non-Profit,6,41,Medium Risk,83.3,41,41
490119,SENTARA PRINCESS ANNE HOSPITAL,VA,South,4,Non-Profit,5,41,Medium Risk,60,41,41
490120,CHESAPEAKE GENERAL HOSPITAL,VA,South,3,Government,5,47.5,Medium Risk,40,47.5,47.5
490122,INOVA MOUNT VERNON HOSPITAL,VA,South,4,Non-Profit,4,41,Medium Risk,50,41,41
490126,LEWISGALE HOSPITAL ALLEGHANY,VA,South,4,For-Profit,3,47.6,Medium Risk,33.3,47.6,47.6
490127,BUCHANAN GENERAL HOSPITAL,VA,South,3,Non-Profit,3,49.7,Medium Risk,100,49.7,49.7
490130,RIVERSIDE WALTER REED HOSPITAL,VA,South,4,Non-Profit,5,41,Medium Risk,80,41,41
490136,BON SECOURS ST FRANCIS MEDICAL CENTER,VA,South,4,Non-Profit,5,41,Medium Risk,60,41,41
490140,"STAFFORD HOSPITAL, LLC",VA,South,4,Non-Profit,4,41,Medium Risk,100,41,41
490141,SPOTSYLVANIA REGIONAL MEDICAL CENTER,VA,South,2,For-Profit,5,64.9,Medium-High Risk,40,64.9,64.9
490143,RIVERSIDE DOCTORS' HOSPITAL OF WILLIAMSBURG,VA,South,4,Non-Profit,4,41,Medium Risk,25,41,41
490144,UVA HEALTH HAYMARKET MEDICAL CENTER,VA,South,3,Non-Profit,4,49.7,Medium Risk,25,49.7,49.7
500002,PROVIDENCE ST MARY MEDICAL CENTER,WA,Pacific,3,Non-Profit,5,48.9,Medium Risk,20,48.9,48.9
500003,SKAGIT VALLEY HOSPITAL,WA,Pacific,3,Government,5,46.7,Medium Risk,20,46.7,46.7
500005,VIRGINIA MASON MEDICAL CENTER,WA,Pacific,5,Non-Profit,6,32,Medium Risk,16.7,32,32
500007,ISLAND HOSPITAL,WA,Pacific,5,Government,4,30.1,Medium Risk,0,30.1,30.1
500008,UNIVERSITY OF WASHINGTON MEDICAL CTR,WA,Pacific,3,Government,6,46.7,Medium Risk,33.3,46.7,46.7
500011,HIGHLINE MEDICAL CENTER,WA,Pacific,3,Non-Profit,4,48.9,Medium Risk,50,48.9,48.9
500014,PROVIDENCE REGIONAL MEDICAL CENTER EVERETT,WA,Pacific,3,Non-Profit,6,48.9,Medium Risk,50,48.9,48.9
500015,MULTICARE AUBURN MEDICAL CENTER,WA,Pacific,1,Non-Profit,4,66,Medium-High Risk,75,66,66
500016,CONFLUENCE HEALTH HOSPITAL,WA,Pacific,4,Non-Profit,6,40.2,Medium Risk,0,40.2,40.2
500019,PROVIDENCE CENTRALIA HOSPITAL,WA,Pacific,3,Non-Profit,5,48.9,Medium Risk,0,48.9,48.9
500021,ST CLARE HOSPITAL,WA,Pacific,3,Non-Profit,4,48.9,Medium Risk,25,48.9,48.9
500024,PROVIDENCE ST PETER HOSPITAL,WA,Pacific,3,Non-Profit,6,48.9,Medium Risk,50,48.9,48.9
500025,SWEDISH MEDICAL CENTER / CHERRY HILL,WA,Pacific,3,Non-Profit,4,48.9,Medium Risk,25,48.9,48.9
500026,SWEDISH EDMONDS HOSPITAL,WA,Pacific,2,Non-Profit,4,57.7,Medium-High Risk,50,57.7,57.7
500027,SWEDISH MEDICAL CENTER,WA,Pacific,5,Non-Profit,4,32,Medium Risk,25,32,32
500030,ST JOSEPH HOSPITAL,WA,Pacific,4,Non-Profit,6,40.2,Medium Risk,0,40.2,40.2
500031,GRAYS HARBOR COMMUNITY HOSPITAL,WA,Pacific,2,Non-Profit,5,57.7,Medium-High Risk,0,57.7,57.7
500033,SAMARITAN HOSPITAL,WA,Pacific,4,Government,4,38.1,Medium Risk,25,38.1,38.1
500036,YAKIMA VALLEY MEMORIAL,WA,Pacific,1,Non-Profit,5,66,Medium-High Risk,20,66,66
500039,HARRISON MEDICAL CENTER,WA,Pacific,3,Non-Profit,6,48.9,Medium Risk,0,48.9,48.9
500041,PEACEHEALTH ST JOHN MEDICAL CENTER,WA,Pacific,3,Non-Profit,5,48.9,Medium Risk,20,48.9,48.9
500044,DEACONESS MEDICAL CENTER,WA,Pacific,4,Non-Profit,6,40.2,Medium Risk,16.7,40.2,40.2
500050,PEACEHEALTH SOUTHWEST MEDICAL CENTER,WA,Pacific,4,Non-Profit,6,40.2,Medium Risk,33.3,40.2,40.2
500051,OVERLAKE HOSPITAL MEDICAL CENTER,WA,Pacific,4,Non-Profit,6,40.2,Medium Risk,50,40.2,40.2
500053,TRIOS HEALTH,WA,Pacific,1,Government,5,64,Medium-High Risk,80,64,64
500054,PROV SACRED HRT MED CTR & CHILDS HOSP.,WA,Pacific,3,Non-Profit,6,48.9,Medium Risk,0,48.9,48.9
500058,KADLEC REGIONAL MEDICAL CENTER,WA,Pacific,3,Non-Profit,6,48.9,Medium Risk,50,48.9,48.9
500060,CASCADE VALLEY HOSPITAL,WA,Pacific,1,Government,2,64,Medium-High Risk,0,64,64
500064,HARBORVIEW MEDICAL CENTER,WA,Pacific,1,Government,4,64,Medium-High Risk,25,64,64
500072,OLYMPIC MEDICAL CENTER,WA,Pacific,4,Government,3,38.1,Medium Risk,0,38.1,38.1
500077,PROVIDENCE HOLY FAMILY HOSPITAL,WA,Pacific,3,Non-Profit,4,48.9,Medium Risk,0,48.9,48.9
500079,MULTICARE GOOD SAMARITAN HOSPITAL,WA,Pacific,1,Non-Profit,5,66,Medium-High Risk,100,66,66
500088,VALLEY MEDICAL CENTER,WA,Pacific,2,Government,4,55.5,Medium-High Risk,75,55.5,55.5
500108,ST JOSEPH MEDICAL CENTER,WA,Pacific,4,Non-Profit,5,40.2,Medium Risk,60,40.2,40.2
500119,MULTICARE VALLEY HOSPITAL,WA,Pacific,4,Non-Profit,4,40.2,Medium Risk,0,40.2,40.2
500124,EVERGREENHEALTH MEDICAL CENTER,WA,Pacific,5,Government,5,30.1,Medium Risk,0,30.1,30.1
500129,TACOMA GENERAL ALLENMORE HOSPITAL,WA,Pacific,2,Non-Profit,6,57.7,Medium-High Risk,50,57.7,57.7
500139,CAPITAL MEDICAL CENTER,WA,Pacific,3,Non-Profit,5,48.9,Medium Risk,60,48.9,48.9
500141,ST FRANCIS COMMUNITY HOSPITAL,WA,Pacific,3,Non-Profit,4,48.9,Medium Risk,50,48.9,48.9
500150,LEGACY SALMON CREEK MEDICAL CENTER,WA,Pacific,4,Non-Profit,5,40.2,Medium Risk,40,40.2,40.2
500151,ST ANTHONY HOSPITAL,WA,Pacific,4,Non-Profit,5,40.2,Medium Risk,20,40.2,40.2
500152,SWEDISH ISSAQUAH,WA,Pacific,4,Non-Profit,3,40.2,Medium Risk,33.3,40.2,40.2
500154,MULTICARE COVINGTON MEDICAL CENTER,WA,Pacific,5,Non-Profit,3,32,Medium Risk,0,32,32
510001,"WEST VIRGINIA UNIVERSITY HOSPITALS, INC",WV,South,2,Non-Profit,6,58.5,Medium-High Risk,50,58.5,58.5
510002,"CAMC GREENBRIER VALLEY MEDICAL CENTER, INC",WV,South,2,For-Profit,3,64.9,Medium-High Risk,33.3,64.9,64.9
510006,"UNITED HOSPITAL CENTER, INC",WV,South,4,Non-Profit,5,41,Medium Risk,60,41,41
510007,ST MARY'S MEDICAL CENTER,WV,South,2,Non-Profit,6,58.5,Medium-High Risk,66.7,58.5,58.5
510008,BERKELEY MEDICAL CENTER,WV,South,1,Non-Profit,5,66.8,Medium-High Risk,40,66.8,66.8
510012,RIVERS HEALTH,WV,South,1,Non-Profit,3,66.8,Medium-High Risk,66.7,66.8,66.8
510013,REYNOLDS MEMORIAL HOSPITAL,WV,South,2,Non-Profit,3,58.5,Medium-High Risk,66.7,58.5,58.5
510022,CHARLESTON AREA MEDICAL CENTER,WV,South,1,Non-Profit,6,66.8,Medium-High Risk,50,66.8,66.8
510023,"WEIRTON MEDICAL CENTER, INC",WV,South,2,Government,4,56.3,Medium-High Risk,75,56.3,56.3
510024,MON HEALTH MEDICAL CENTER,WV,South,3,Non-Profit,6,49.7,Medium Risk,33.3,49.7,49.7
510029,THOMAS MEMORIAL HOSPITAL,WV,South,1,Non-Profit,5,66.8,Medium-High Risk,80,66.8,66.8
510030,DAVIS MEDICAL CENTER,WV,South,3,Non-Profit,3,49.7,Medium Risk,0,49.7,49.7
510038,STONEWALL JACKSON MEMORIAL HOSPITAL,WV,South,3,Non-Profit,4,49.7,Medium Risk,50,49.7,49.7
510046,PRINCETON COMMUNITY HOSPITAL,WV,South,1,Government,5,64.8,Medium-High Risk,60,64.8,64.8
510048,LOGAN REGIONAL MEDICAL CENTER,WV,South,2,For-Profit,3,64.9,Medium-High Risk,0,64.9,64.9
510050,"WHEELING HOSPITAL, INC",WV,South,1,Non-Profit,6,66.8,Medium-High Risk,83.3,66.8,66.8
510055,"CABELL HUNTINGTON HOSPITAL, INC",WV,South,3,Non-Profit,4,49.7,Medium Risk,50,49.7,49.7
510058,CAMDEN CLARK MEDICAL CENTER,WV,South,3,Non-Profit,6,49.7,Medium Risk,66.7,49.7,49.7
510062,BECKLEY ARH HOSPITAL,WV,South,1,Non-Profit,5,66.8,Medium-High Risk,60,66.8,66.8
510070,RALEIGH GENERAL HOSPITAL,WV,South,1,For-Profit,4,72.5,High Risk,75,72.5,72.5
520002,"ASPIRUS STEVENS POINT HOSPITAL & CLINICS, INC.",WI,Midwest,4,Non-Profit,3,39.4,Medium Risk,66.7,39.4,39.4
520004,MAYO CLINIC HEALTH SYSTEM-FRANCISCAN MEDICAL CENTER INC,WI,Midwest,5,Non-Profit,4,31.3,Medium Risk,0,31.3,31.3
520008,WAUKESHA MEMORIAL HOSPITAL,WI,Midwest,4,Non-Profit,5,39.4,Medium Risk,40,39.4,39.4
520009,ASCENSION NE WISCONSIN - ST ELIZABETH CAMPUS,WI,Midwest,4,Non-Profit,6,39.4,Medium Risk,0,39.4,39.4
520011,MARSHFIELD MEDICAL CENTER - RICE LAKE,WI,Midwest,3,Non-Profit,2,48.1,Medium Risk,50,48.1,48.1
520019,ASPIRUS RHINELANDER HOSPITAL,WI,Midwest,3,Non-Profit,3,48.1,Medium Risk,33.3,48.1,48.1
520021,FROEDTERT SOUTH INC.,WI,Midwest,1,Government,5,63.3,Medium-High Risk,60,63.3,63.3
520028,THE MONROE CLINIC,WI,Midwest,4,Non-Profit,4,39.4,Medium Risk,25,39.4,39.4
520030,ASPIRUS WAUSAU HOSPITAL,WI,Midwest,4,For-Profit,6,46,Medium Risk,16.7,46,46
520033,ASPIRUS RIVERVIEW HOSPITAL & CLINICS INC,WI,Midwest,3,Non-Profit,3,48.1,Medium Risk,66.7,48.1,48.1
520035,AURORA HEALTH CARE CENTRAL INC,WI,Midwest,4,Non-Profit,3,39.4,Medium Risk,33.3,39.4,39.4
520037,MARSHFIELD MEDICAL CENTER,WI,Midwest,3,Non-Profit,6,48.1,Medium Risk,66.7,48.1,48.1
520038,AURORA MEDICAL CTR WASHINGTON COUNTY,WI,Midwest,5,Non-Profit,3,31.3,Medium Risk,33.3,31.3,31.3
520041,DIVINE SAVIOR HEALTHCARE,WI,Midwest,4,Non-Profit,4,39.4,Medium Risk,25,39.4,39.4
520044,ST NICHOLAS HOSPITAL,WI,Midwest,3,Non-Profit,2,48.1,Medium Risk,0,48.1,48.1
520045,THEDACARE REGIONAL MED CTR - NEENAH,WI,Midwest,5,Non-Profit,3,31.3,Medium Risk,0,31.3,31.3
520049,BELLIN MEMORIAL HOSPITAL,WI,Midwest,5,Non-Profit,5,31.3,Medium Risk,0,31.3,31.3
520051,ASCENSION COLUMBIA ST MARY'S HOSPITAL MILWAUKEE,WI,Midwest,3,Non-Profit,5,48.1,Medium Risk,40,48.1,48.1
520057,SSM HEALTH ST CLARE HOSPITAL - BARABOO,WI,Midwest,3,Non-Profit,3,48.1,Medium Risk,0,48.1,48.1
520059,AURORA MEMORIAL HOSPITAL BURLINGTON,WI,Midwest,4,Non-Profit,3,39.4,Medium Risk,0,39.4,39.4
520062,OCONOMOWOC MEMORIAL HOSPITAL,WI,Midwest,5,Non-Profit,5,31.3,Medium Risk,40,31.3,31.3
520063,ST JOSEPHS COMMUNITY HOSPITAL WEST BEND,WI,Midwest,4,Non-Profit,4,39.4,Medium Risk,25,39.4,39.4
520066,MERCY HEALTH SYSTEM CORP,WI,Midwest,3,Non-Profit,6,48.1,Medium Risk,50,48.1,48.1
520070,MAYO CLINIC HEALTH SYSTEM EAU CLAIRE HOSPITAL,WI,Midwest,5,Non-Profit,6,31.3,Medium Risk,50,31.3,31.3
520075,ST VINCENT HOSPITAL,WI,Midwest,4,Non-Profit,5,39.4,Medium Risk,20,39.4,39.4
520076,MARSHFIELD MEDICAL CENTER - BEAVER DAM (MMC-BD),WI,Midwest,2,Non-Profit,3,56.9,Medium-High Risk,0,56.9,56.9
520078,ASCENSION ST FRANCIS HOSPITAL,WI,Midwest,4,Non-Profit,3,39.4,Medium Risk,33.3,39.4,39.4
520083,SSM HEALTH ST MARY'S HOSPITAL - MADISON,WI,Midwest,5,Non-Profit,6,31.3,Medium Risk,50,31.3,31.3
520087,GUNDERSEN LUTHERAN MEDICAL CENTER,WI,Midwest,4,Non-Profit,6,39.4,Medium Risk,33.3,39.4,39.4
520088,ST. AGNES HOSPITAL HOSPICE,WI,Midwest,4,Non-Profit,5,39.4,Medium Risk,20,39.4,39.4
520089,UNITYPOINT HEALTH - MERITER,WI,Midwest,5,Non-Profit,4,31.3,Medium Risk,50,31.3,31.3
520091,HOWARD YOUNG MEDICAL CENTER,WI,Midwest,5,Non-Profit,3,31.3,Medium Risk,66.7,31.3,31.3
520095,SAUK PRAIRIE HOSPITAL,WI,Midwest,5,Non-Profit,3,31.3,Medium Risk,33.3,31.3,31.3
520096,ASCENSION ALL SAINTS HOSPITAL,WI,Midwest,3,Non-Profit,5,48.1,Medium Risk,60,48.1,48.1
520097,ST MARY'S HOSPITAL MEDICAL CENTER,WI,Midwest,4,Non-Profit,4,39.4,Medium Risk,0,39.4,39.4
520098,UNIVERSITY OF WI  HOSPITALS & CLINICS AUTHORITY,WI,Midwest,4,Government,6,37.3,Medium Risk,33.3,37.3,37.3
520100,BELOIT HEALTH SYSTEM,WI,Midwest,4,Non-Profit,4,39.4,Medium Risk,0,39.4,39.4
520102,AURORA LAKELAND MEDICAL CENTER,WI,Midwest,5,Non-Profit,3,31.3,Medium Risk,33.3,31.3,31.3
520103,COMMUNITY MEMORIAL HOSPITAL,WI,Midwest,3,Non-Profit,5,48.1,Medium Risk,80,48.1,48.1
520107,HOLY FAMILY MEMORIAL,WI,Midwest,3,Non-Profit,3,48.1,Medium Risk,100,48.1,48.1
520113,BAY AREA MEDICAL CENTER,WI,Midwest,4,Non-Profit,3,39.4,Medium Risk,66.7,39.4,39.4
520116,WATERTOWN MEMORIAL HOSPITAL,WI,Midwest,4,Non-Profit,5,39.4,Medium Risk,60,39.4,39.4
520136,ASCENSION SE WISCONSIN HOSPITAL,WI,Midwest,4,Non-Profit,5,39.4,Medium Risk,60,39.4,39.4
520138,AURORA ST LUKES MEDICAL CENTER,WI,Midwest,3,Non-Profit,6,48.1,Medium Risk,16.7,48.1,48.1
520139,WEST ALLIS MEMORIAL HOSPITAL,WI,Midwest,4,Non-Profit,4,39.4,Medium Risk,25,39.4,39.4
520160,THEDACARE REGIONAL MEDICAL CENTER - APPLETON INC,WI,Midwest,4,Non-Profit,6,39.4,Medium Risk,0,39.4,39.4
520177,FROEDTERT MEMORIAL LUTHERAN HOSPITAL,WI,Midwest,5,Non-Profit,5,31.3,Medium Risk,80,31.3,31.3
520189,AURORA MEDICAL CENTER KENOSHA,WI,Midwest,4,Non-Profit,4,39.4,Medium Risk,50,39.4,39.4
520193,AURORA BAYCARE MEDICAL CTR,WI,Midwest,5,For-Profit,6,37.4,Medium Risk,50,37.4,37.4
520198,AURORA MEDICAL CTR OSHKOSH,WI,Midwest,4,Non-Profit,4,39.4,Medium Risk,0,39.4,39.4
520202,MARSHFIELD MEDICAL CENTER - WESTON,WI,Midwest,3,Non-Profit,4,48.1,Medium Risk,25,48.1,48.1
520206,AURORA MEDICAL CENTER - SUMMIT,WI,Midwest,4,Non-Profit,4,39.4,Medium Risk,25,39.4,39.4
520207,AURORA MEDICAL CENTER,WI,Midwest,5,Non-Profit,6,31.3,Medium Risk,33.3,31.3,31.3
520208,SSM HEALTH ST MARY'S HOSPITAL - JANESVILLE,WI,Midwest,4,Non-Profit,4,39.4,Medium Risk,50,39.4,39.4
520210,MARSHFIELD MEDICAL CENTER - EAU CLAIRE,WI,Midwest,3,Non-Profit,4,48.1,Medium Risk,0,48.1,48.1
520212,MARSHFIELD MEDICAL CENTER - MINOCQUA,WI,Midwest,2,Non-Profit,2,56.9,Medium-High Risk,50,56.9,56.9
530002,CAMPBELL COUNTY HEALTH,WY,Mountain West,2,Government,4,41.6,Medium Risk,25,41.6,41.6
530006,SHERIDAN MEMORIAL HOSPITAL,WY,Mountain West,4,Government,5,25.9,Low-Medium Risk,20,25.9,25.9
530008,SAGEWEST HEALTH CARE,WY,Mountain West,1,For-Profit,4,59.2,Medium-High Risk,50,59.2,59.2
530011,MEMORIAL HOSPITAL SWEETWATER COUNTY,WY,Mountain West,4,Government,3,25.9,Low-Medium Risk,33.3,25.9,25.9
530012,BANNER WYOMING MEDICAL CENTER,WY,Mountain West,3,Government,6,33.3,Medium Risk,0,33.3,33.3
530014,CHEYENNE REGIONAL MEDICAL CENTER,WY,Mountain West,4,Non-Profit,5,27.7,Low-Medium Risk,20,27.7,27.7
530015,ST JOHNS MEDICAL CENTER,WY,Mountain West,5,Government,3,19.7,Low Risk,0,19.7,19.7
670023,METHODIST MANSFIELD MEDICAL CENTER,TX,South Central,3,Non-Profit,6,50.5,Medium-High Risk,50,50.5,50.5
670025,BAYLOR SCOTT & WHITE THE HEART HOSPITAL - PLANO,TX,South Central,5,For-Profit,4,39.7,Medium Risk,0,39.7,39.7
670031,ST LUKE'S PATIENTS MEDICAL CENTER,TX,South Central,4,Non-Profit,3,41.7,Medium Risk,66.7,41.7,41.7
670034,BAYLOR SCOTT & WHITE MEDICAL CENTER - ROUND ROCK,TX,South Central,3,Non-Profit,6,50.5,Medium-High Risk,66.7,50.5,50.5
670041,ASCENSION SETON WILLIAMSON,TX,South Central,5,Non-Profit,5,33.4,Medium Risk,20,33.4,33.4
670043,CEDAR PARK REGIONAL MEDICAL CENTER,TX,South Central,4,Non-Profit,4,41.7,Medium Risk,75,41.7,41.7
670044,TEXAS HEALTH PRESBYTERIAN HOSPITAL ROCKWALL,TX,South Central,5,For-Profit,3,39.7,Medium Risk,33.3,39.7,39.7
670047,THE HOSPITALS OF PROVIDENCE - EAST CAMPUS,TX,South Central,3,For-Profit,3,57.2,Medium-High Risk,66.7,57.2,57.2
670053,ST LUKE'S SUGAR LAND HOSPITAL,TX,South Central,3,For-Profit,2,57.2,Medium-High Risk,100,57.2,57.2
670055,METHODIST HOSPITAL  STONE OAK,TX,South Central,4,For-Profit,6,48.4,Medium Risk,50,48.4,48.4
670056,ASCENSION  SETON HAYS,TX,South Central,5,Non-Profit,5,33.4,Medium Risk,40,33.4,33.4
670060,BAYLOR SCOTT AND WHITE MEDICAL CENTER SUNNYVALE,TX,South Central,2,For-Profit,4,65.6,Medium-High Risk,25,65.6,65.6
670068,TEXAS HEALTH PRESBYTERIAN HOSPITAL FLOWER MOUND,TX,South Central,5,For-Profit,4,39.7,Medium Risk,50,39.7,39.7
670071,TEXAS HEALTH HEART & VASCULAR HOSPITAL ARLINGTON,TX,South Central,5,For-Profit,3,39.7,Medium Risk,66.7,39.7,39.7
670073,METHODIST HOSPITAL FOR SURGERY,TX,South Central,4,For-Profit,1,48.4,Medium Risk,100,48.4,48.4
670075,ST LUKE'S HOSPITAL AT THE VINTAGE,TX,South Central,4,Non-Profit,4,41.7,Medium Risk,75,41.7,41.7
670076,BAYLOR SCOTT AND WHITE SURGICAL HOSPITAL AT SHERMA,TX,South Central,2,Other,1,71.1,High Risk,100,71.1,71.1
670077,HOUSTON METHODIST WEST HOSPITAL,TX,South Central,5,Non-Profit,6,33.4,Medium Risk,50,33.4,33.4
670078,BAPTIST NEIGHBORHOOD HOSPITAL THOUSAND OAKS,TX,South Central,4,For-Profit,2,48.4,Medium Risk,0,48.4,48.4
670080,SETON MEDICAL CENTER HARKER HEIGHTS,TX,South Central,4,For-Profit,4,48.4,Medium Risk,75,48.4,48.4
670082,BAYLOR SCOTT AND WHITE  MEDICAL CENTER  MCKINNEY,TX,South Central,4,Non-Profit,5,41.7,Medium Risk,40,41.7,41.7
670085,TEXAS HEALTH HARRIS METHODIST HOSPITAL ALLIANCE,TX,South Central,4,Non-Profit,4,41.7,Medium Risk,25,41.7,41.7
670088,BAYLOR SCOTT & WHITE MEDICAL CENTER- COLLEGE STATI,TX,South Central,4,Non-Profit,6,41.7,Medium Risk,50,41.7,41.7
670090,CRESCENT MEDICAL CENTER LANCASTER,TX,South Central,2,Other,1,71.1,High Risk,100,71.1,71.1
670098,RESOLUTE HEALTH HOSPITAL,TX,South Central,3,For-Profit,5,57.2,Medium-High Risk,40,57.2,57.2
670103,MEDICAL CITY ALLIANCE,TX,South Central,5,Non-Profit,4,33.4,Medium Risk,25,33.4,33.4
670106,HCA HOUSTON HEALTHCARE PEARLAND,TX,South Central,3,For-Profit,2,57.2,Medium-High Risk,100,57.2,57.2
670108,BAYLOR SCOTT & WHITE MEDICAL CENTER - MARBLE FALLS,TX,South Central,5,Non-Profit,4,33.4,Medium Risk,25,33.4,33.4
670120,THE HOSPITALS OF PROVIDENCE TRANSMOUNTAIN CAMPUS,TX,South Central,1,For-Profit,3,73.1,High Risk,100,73.1,73.1
670122,HOUSTON METHODIST THE WOODLANDS HOSPITAL,TX,South Central,5,Non-Profit,6,33.4,Medium Risk,66.7,33.4,33.4
670260,TEXAS HEALTH HOSPITAL FRISCO,TX,South Central,3,Non-Profit,3,50.5,Medium-High Risk,33.3,50.5,50.5
670300,METHODIST MIDLOTHIAN MEDICAL CENTER,TX,South Central,4,Non-Profit,2,41.7,Medium Risk,100,41.7,41.7
670309,TEXAS HEALTH HOSPITAL MANSFIELD,TX,South Central,3,For-Profit,2,57.2,Medium-High Risk,50,57.2,57.2
